solid unnamed
facet normal 0 -1 -0
    outer loop
        vertex 65 -0 3
        vertex 52 -0 0
        vertex 78 -0 3
    endloop
endfacet
facet normal 0 -1 -0
    outer loop
        vertex 78 -0 3
        vertex 52 -0 0
        vertex 78 -0 0
    endloop
endfacet
facet normal 0 -1 0
    outer loop
        vertex 52 -0 3
        vertex 52 -0 0
        vertex 65 -0 3
    endloop
endfacet
facet normal 1 -0 0
    outer loop
        vertex 80 2 3
        vertex 80 2 0
        vertex 80 158 3
    endloop
endfacet
facet normal 1 0 0
    outer loop
        vertex 80 158 3
        vertex 80 2 0
        vertex 80 158 0
    endloop
endfacet
facet normal 0 1 0
    outer loop
        vertex 78 160 3
        vertex 78 160 0
        vertex 52 160 3
    endloop
endfacet
facet normal 0 1 0
    outer loop
        vertex 52 160 3
        vertex 78 160 0
        vertex 52 160 0
    endloop
endfacet
facet normal -1 -0 -0
    outer loop
        vertex 50 158 3
        vertex 50 158 0
        vertex 50 2 3
    endloop
endfacet
facet normal -1 0 0
    outer loop
        vertex 50 2 3
        vertex 50 158 0
        vertex 50 2 0
    endloop
endfacet
facet normal 1 -0 0
    outer loop
        vertex 62 147.8125 3
        vertex 62 10 0
        vertex 62 150 3
    endloop
endfacet
facet normal 1 0 0
    outer loop
        vertex 62 150 3
        vertex 62 10 0
        vertex 62 12.1875 0
    endloop
endfacet
facet normal 1 0 0
    outer loop
        vertex 62 150 3
        vertex 62 80 0
        vertex 62 115 0
    endloop
endfacet
facet normal 1 0 0
    outer loop
        vertex 62 150 3
        vertex 62 45 0
        vertex 62 80 0
    endloop
endfacet
facet normal 1 0 0
    outer loop
        vertex 62 150 3
        vertex 62 27.5 0
        vertex 62 45 0
    endloop
endfacet
facet normal 1 0 0
    outer loop
        vertex 62 150 3
        vertex 62 18.75 0
        vertex 62 27.5 0
    endloop
endfacet
facet normal 1 0 0
    outer loop
        vertex 62 150 3
        vertex 62 14.375 0
        vertex 62 18.75 0
    endloop
endfacet
facet normal 1 0 0
    outer loop
        vertex 62 150 3
        vertex 62 12.1875 0
        vertex 62 14.375 0
    endloop
endfacet
facet normal 1 0 0
    outer loop
        vertex 62 150 3
        vertex 62 115 0
        vertex 62 132.5 0
    endloop
endfacet
facet normal 1 0 0
    outer loop
        vertex 62 150 3
        vertex 62 132.5 0
        vertex 62 141.25 0
    endloop
endfacet
facet normal 1 0 0
    outer loop
        vertex 62 150 3
        vertex 62 141.25 0
        vertex 62 145.625 0
    endloop
endfacet
facet normal 1 0 0
    outer loop
        vertex 62 150 3
        vertex 62 145.625 0
        vertex 62 147.8125 0
    endloop
endfacet
facet normal 1 0 0
    outer loop
        vertex 62 150 3
        vertex 62 147.8125 0
        vertex 62 150 0
    endloop
endfacet
facet normal 1 -0 0
    outer loop
        vertex 62 77.8125 3
        vertex 62 10 0
        vertex 62 80 3
    endloop
endfacet
facet normal 1 -0 0
    outer loop
        vertex 62 27.5 3
        vertex 62 10 0
        vertex 62 45 3
    endloop
endfacet
facet normal 1 -0 0
    outer loop
        vertex 62 18.75 3
        vertex 62 10 0
        vertex 62 27.5 3
    endloop
endfacet
facet normal 1 -0 0
    outer loop
        vertex 62 14.375 3
        vertex 62 10 0
        vertex 62 18.75 3
    endloop
endfacet
facet normal 1 -0 0
    outer loop
        vertex 62 12.1875 3
        vertex 62 10 0
        vertex 62 14.375 3
    endloop
endfacet
facet normal 1 -0 0
    outer loop
        vertex 62 10 3
        vertex 62 10 0
        vertex 62 12.1875 3
    endloop
endfacet
facet normal 1 -0 0
    outer loop
        vertex 62 45 3
        vertex 62 10 0
        vertex 62 62.5 3
    endloop
endfacet
facet normal 1 -0 0
    outer loop
        vertex 62 62.5 3
        vertex 62 10 0
        vertex 62 71.25 3
    endloop
endfacet
facet normal 1 -0 0
    outer loop
        vertex 62 71.25 3
        vertex 62 10 0
        vertex 62 75.625 3
    endloop
endfacet
facet normal 1 -0 0
    outer loop
        vertex 62 76.71875 3
        vertex 62 10 0
        vertex 62 77.8125 3
    endloop
endfacet
facet normal 1 -0 0
    outer loop
        vertex 62 76.171875 3
        vertex 62 10 0
        vertex 62 76.71875 3
    endloop
endfacet
facet normal 1 -0 0
    outer loop
        vertex 62 76.02496 3
        vertex 62 10 0
        vertex 62 76.171875 3
    endloop
endfacet
facet normal 1 -0 0
    outer loop
        vertex 62 97.5 3
        vertex 62 10 0
        vertex 62 115 3
    endloop
endfacet
facet normal 1 -0 0
    outer loop
        vertex 62 88.75 3
        vertex 62 10 0
        vertex 62 97.5 3
    endloop
endfacet
facet normal 1 -0 0
    outer loop
        vertex 62 84.375 3
        vertex 62 10 0
        vertex 62 88.75 3
    endloop
endfacet
facet normal 1 -0 0
    outer loop
        vertex 62 83.97503 3
        vertex 62 10 0
        vertex 62 84.375 3
    endloop
endfacet
facet normal 1 -0 0
    outer loop
        vertex 62 80 3
        vertex 62 10 0
        vertex 62 82.1875 3
    endloop
endfacet
facet normal 1 -0 0
    outer loop
        vertex 62 82.1875 3
        vertex 62 10 0
        vertex 62 83.28125 3
    endloop
endfacet
facet normal 1 -0 0
    outer loop
        vertex 62 83.28125 3
        vertex 62 10 0
        vertex 62 83.828125 3
    endloop
endfacet
facet normal 1 -0 0
    outer loop
        vertex 62 115 3
        vertex 62 10 0
        vertex 62 132.5 3
    endloop
endfacet
facet normal 1 -0 0
    outer loop
        vertex 62 132.5 3
        vertex 62 10 0
        vertex 62 141.25 3
    endloop
endfacet
facet normal 1 -0 0
    outer loop
        vertex 62 141.25 3
        vertex 62 10 0
        vertex 62 145.625 3
    endloop
endfacet
facet normal 1 -0 0
    outer loop
        vertex 62 145.625 3
        vertex 62 10 0
        vertex 62 147.8125 3
    endloop
endfacet
facet normal 1 -0 0
    outer loop
        vertex 62 83.828125 3
        vertex 62 10 0
        vertex 62 83.97503 3
    endloop
endfacet
facet normal 0.99999994 -0 0
    outer loop
        vertex 62 75.625 3
        vertex 62 10 0
        vertex 62 76.02496 3
    endloop
endfacet
facet normal 0 -1 0
    outer loop
        vertex 62 150 3
        vertex 62 150 0
        vertex 68 150 3
    endloop
endfacet
facet normal 0 -1 -0
    outer loop
        vertex 68 150 3
        vertex 62 150 0
        vertex 68 150 0
    endloop
endfacet
facet normal -1 -0 -0
    outer loop
        vertex 68 12.1875 3
        vertex 68 150 0
        vertex 68 10 3
    endloop
endfacet
facet normal -1 0 0
    outer loop
        vertex 68 10 3
        vertex 68 150 0
        vertex 68 149.45313 0
    endloop
endfacet
facet normal -1 0 0
    outer loop
        vertex 68 10 3
        vertex 68 80 0
        vertex 68 45 0
    endloop
endfacet
facet normal -1 0 0
    outer loop
        vertex 68 10 3
        vertex 68 115 0
        vertex 68 80 0
    endloop
endfacet
facet normal -1 0 0
    outer loop
        vertex 68 10 3
        vertex 68 132.5 0
        vertex 68 115 0
    endloop
endfacet
facet normal -1 0 0
    outer loop
        vertex 68 10 3
        vertex 68 141.25 0
        vertex 68 132.5 0
    endloop
endfacet
facet normal -1 0 0
    outer loop
        vertex 68 10 3
        vertex 68 145.625 0
        vertex 68 141.25 0
    endloop
endfacet
facet normal -1 0 0
    outer loop
        vertex 68 10 3
        vertex 68 147.8125 0
        vertex 68 145.625 0
    endloop
endfacet
facet normal -1 0 0
    outer loop
        vertex 68 10 3
        vertex 68 148.90625 0
        vertex 68 147.8125 0
    endloop
endfacet
facet normal -1 0 0
    outer loop
        vertex 68 10 3
        vertex 68 149.45313 0
        vertex 68 148.90625 0
    endloop
endfacet
facet normal -1 0 0
    outer loop
        vertex 68 10 3
        vertex 68 45 0
        vertex 68 27.5 0
    endloop
endfacet
facet normal -1 0 0
    outer loop
        vertex 68 10 3
        vertex 68 27.5 0
        vertex 68 18.75 0
    endloop
endfacet
facet normal -1 0 0
    outer loop
        vertex 68 10 3
        vertex 68 18.75 0
        vertex 68 14.375 0
    endloop
endfacet
facet normal -1 0 0
    outer loop
        vertex 68 10 3
        vertex 68 14.375 0
        vertex 68 12.1875 0
    endloop
endfacet
facet normal -1 0 0
    outer loop
        vertex 68 10 3
        vertex 68 12.1875 0
        vertex 68 10 0
    endloop
endfacet
facet normal -1 -0 -0
    outer loop
        vertex 68 82.1875 3
        vertex 68 150 0
        vertex 68 80 3
    endloop
endfacet
facet normal -1 -0 -0
    outer loop
        vertex 68 132.5 3
        vertex 68 150 0
        vertex 68 115 3
    endloop
endfacet
facet normal -1 -0 -0
    outer loop
        vertex 68 141.25 3
        vertex 68 150 0
        vertex 68 132.5 3
    endloop
endfacet
facet normal -1 -0 -0
    outer loop
        vertex 68 145.625 3
        vertex 68 150 0
        vertex 68 141.25 3
    endloop
endfacet
facet normal -1 -0 -0
    outer loop
        vertex 68 147.8125 3
        vertex 68 150 0
        vertex 68 145.625 3
    endloop
endfacet
facet normal -1 -0 -0
    outer loop
        vertex 68 148.90625 3
        vertex 68 150 0
        vertex 68 147.8125 3
    endloop
endfacet
facet normal -1 -0 -0
    outer loop
        vertex 68 149.45313 3
        vertex 68 150 0
        vertex 68 148.90625 3
    endloop
endfacet
facet normal -1 -0 -0
    outer loop
        vertex 68 150 3
        vertex 68 150 0
        vertex 68 149.45313 3
    endloop
endfacet
facet normal -1 -0 -0
    outer loop
        vertex 68 115 3
        vertex 68 150 0
        vertex 68 97.5 3
    endloop
endfacet
facet normal -1 -0 -0
    outer loop
        vertex 68 97.5 3
        vertex 68 150 0
        vertex 68 88.75 3
    endloop
endfacet
facet normal -1 -0 -0
    outer loop
        vertex 68 88.75 3
        vertex 68 150 0
        vertex 68 84.375 3
    endloop
endfacet
facet normal -1 -0 -0
    outer loop
        vertex 68 83.28125 3
        vertex 68 150 0
        vertex 68 82.1875 3
    endloop
endfacet
facet normal -1 -0 -0
    outer loop
        vertex 68 83.828125 3
        vertex 68 150 0
        vertex 68 83.28125 3
    endloop
endfacet
facet normal -1 -0 -0
    outer loop
        vertex 68 83.97503 3
        vertex 68 150 0
        vertex 68 83.828125 3
    endloop
endfacet
facet normal -1 -0 -0
    outer loop
        vertex 68 62.5 3
        vertex 68 150 0
        vertex 68 45 3
    endloop
endfacet
facet normal -1 -0 -0
    outer loop
        vertex 68 71.25 3
        vertex 68 150 0
        vertex 68 62.5 3
    endloop
endfacet
facet normal -1 -0 -0
    outer loop
        vertex 68 75.625 3
        vertex 68 150 0
        vertex 68 71.25 3
    endloop
endfacet
facet normal -0.99999994 -0 -0
    outer loop
        vertex 68 76.02496 3
        vertex 68 150 0
        vertex 68 75.625 3
    endloop
endfacet
facet normal -1 -0 -0
    outer loop
        vertex 68 80 3
        vertex 68 150 0
        vertex 68 77.8125 3
    endloop
endfacet
facet normal -1 -0 -0
    outer loop
        vertex 68 77.8125 3
        vertex 68 150 0
        vertex 68 76.71875 3
    endloop
endfacet
facet normal -1 -0 -0
    outer loop
        vertex 68 76.71875 3
        vertex 68 150 0
        vertex 68 76.171875 3
    endloop
endfacet
facet normal -1 -0 -0
    outer loop
        vertex 68 45 3
        vertex 68 150 0
        vertex 68 27.5 3
    endloop
endfacet
facet normal -1 -0 -0
    outer loop
        vertex 68 27.5 3
        vertex 68 150 0
        vertex 68 18.75 3
    endloop
endfacet
facet normal -1 -0 -0
    outer loop
        vertex 68 18.75 3
        vertex 68 150 0
        vertex 68 14.375 3
    endloop
endfacet
facet normal -1 -0 -0
    outer loop
        vertex 68 14.375 3
        vertex 68 150 0
        vertex 68 12.1875 3
    endloop
endfacet
facet normal -1 -0 -0
    outer loop
        vertex 68 84.375 3
        vertex 68 150 0
        vertex 68 83.97503 3
    endloop
endfacet
facet normal -1 -0 -0
    outer loop
        vertex 68 76.171875 3
        vertex 68 150 0
        vertex 68 76.02496 3
    endloop
endfacet
facet normal 0 1 0
    outer loop
        vertex 68 10 3
        vertex 68 10 0
        vertex 62 10 3
    endloop
endfacet
facet normal 0 1 0
    outer loop
        vertex 62 10 3
        vertex 68 10 0
        vertex 62 10 0
    endloop
endfacet
facet normal 0.99518478 -0.0980167 0
    outer loop
        vertex 62 10 0
        vertex 62.057644 10.585271 0
        vertex 62 10 3
    endloop
endfacet
facet normal 0.99518478 -0.0980167 0
    outer loop
        vertex 62.057644 10.585271 0
        vertex 62.057644 10.585271 3
        vertex 62 10 3
    endloop
endfacet
facet normal 0.95693946 -0.29028761 0
    outer loop
        vertex 62.228363 11.14805 0
        vertex 62.057644 10.585271 3
        vertex 62.057644 10.585271 0
    endloop
endfacet
facet normal 0.95693946 -0.29028761 0
    outer loop
        vertex 62.228363 11.14805 3
        vertex 62.057644 10.585271 3
        vertex 62.228363 11.14805 0
    endloop
endfacet
facet normal 0.88192427 -0.47139096 0
    outer loop
        vertex 62.228363 11.14805 3
        vertex 62.228363 11.14805 0
        vertex 62.50559 11.666711 0
    endloop
endfacet
facet normal 0.88192427 -0.47139096 0
    outer loop
        vertex 62.228363 11.14805 3
        vertex 62.50559 11.666711 0
        vertex 62.50559 11.666711 3
    endloop
endfacet
facet normal 0.77300394 -0.63440114 0
    outer loop
        vertex 62.50559 11.666711 0
        vertex 62.878685 12.121321 0
        vertex 62.50559 11.666711 3
    endloop
endfacet
facet normal 0.77300394 -0.63440114 0
    outer loop
        vertex 62.878685 12.121321 0
        vertex 62.878685 12.121321 3
        vertex 62.50559 11.666711 3
    endloop
endfacet
facet normal 0.63439965 -0.77300525 0
    outer loop
        vertex 63.333286 12.494409 0
        vertex 62.878685 12.121321 3
        vertex 62.878685 12.121321 0
    endloop
endfacet
facet normal 0.63439965 -0.77300525 0
    outer loop
        vertex 63.333286 12.494409 3
        vertex 62.878685 12.121321 3
        vertex 63.333286 12.494409 0
    endloop
endfacet
facet normal 0.47139397 -0.88192284 0
    outer loop
        vertex 63.333286 12.494409 3
        vertex 63.333286 12.494409 0
        vertex 63.85195 12.771639 0
    endloop
endfacet
facet normal 0.47139397 -0.88192284 0
    outer loop
        vertex 63.333286 12.494409 3
        vertex 63.85195 12.771639 0
        vertex 63.85195 12.771639 3
    endloop
endfacet
facet normal 0.29028326 -0.95694071 0
    outer loop
        vertex 63.85195 12.771639 0
        vertex 64.414734 12.942356 0
        vertex 63.85195 12.771639 3
    endloop
endfacet
facet normal 0.29028326 -0.95694071 0
    outer loop
        vertex 64.414734 12.942356 0
        vertex 64.414734 12.942356 3
        vertex 63.85195 12.771639 3
    endloop
endfacet
facet normal 0.0980175 -0.99518472 0
    outer loop
        vertex 65 13 0
        vertex 64.414734 12.942356 3
        vertex 64.414734 12.942356 0
    endloop
endfacet
facet normal -0.2902869 -0.9569397 0
    outer loop
        vertex 65.58527 12.942356 3
        vertex 66.14805 12.771639 0
        vertex 66.14805 12.771639 3
    endloop
endfacet
facet normal -0.47139663 -0.88192135 -0
    outer loop
        vertex 66.14805 12.771639 3
        vertex 66.14805 12.771639 0
        vertex 66.66671 12.494409 0
    endloop
endfacet
facet normal -0.99518538 -0.09801028 -0
    outer loop
        vertex 68 10 3
        vertex 67.94236 10.585271 3
        vertex 68 10 0
    endloop
endfacet
facet normal -0.99518538 -0.09801028 -0
    outer loop
        vertex 67.94236 10.585271 3
        vertex 67.94236 10.585271 0
        vertex 68 10 0
    endloop
endfacet
facet normal -0.95693767 -0.29029354 0
    outer loop
        vertex 67.77164 11.14805 3
        vertex 67.94236 10.585271 0
        vertex 67.94236 10.585271 3
    endloop
endfacet
facet normal -0.95693767 -0.29029354 0
    outer loop
        vertex 67.77164 11.14805 0
        vertex 67.94236 10.585271 0
        vertex 67.77164 11.14805 3
    endloop
endfacet
facet normal -0.88192165 -0.47139606 0
    outer loop
        vertex 67.77164 11.14805 0
        vertex 67.77164 11.14805 3
        vertex 67.49441 11.666711 3
    endloop
endfacet
facet normal -0.88192165 -0.47139606 0
    outer loop
        vertex 67.77164 11.14805 0
        vertex 67.49441 11.666711 3
        vertex 67.49441 11.666711 0
    endloop
endfacet
facet normal -0.77301347 -0.63438958 -0
    outer loop
        vertex 67.49441 11.666711 3
        vertex 67.12132 12.121321 3
        vertex 67.49441 11.666711 0
    endloop
endfacet
facet normal -0.77301347 -0.63438958 -0
    outer loop
        vertex 67.12132 12.121321 3
        vertex 67.12132 12.121321 0
        vertex 67.49441 11.666711 0
    endloop
endfacet
facet normal -0.63439012 -0.77301306 0
    outer loop
        vertex 66.66671 12.494409 3
        vertex 67.12132 12.121321 0
        vertex 67.12132 12.121321 3
    endloop
endfacet
facet normal -0.63439012 -0.77301306 0
    outer loop
        vertex 66.66671 12.494409 0
        vertex 67.12132 12.121321 0
        vertex 66.66671 12.494409 3
    endloop
endfacet
facet normal -0.47139663 -0.88192135 0
    outer loop
        vertex 66.66671 12.494409 0
        vertex 66.66671 12.494409 3
        vertex 66.14805 12.771639 3
    endloop
endfacet
facet normal -0.2902869 -0.9569397 0
    outer loop
        vertex 66.14805 12.771639 0
        vertex 65.58527 12.942356 3
        vertex 65.58527 12.942356 0
    endloop
endfacet
facet normal -0.09801622 -0.99518484 -0
    outer loop
        vertex 65.58527 12.942356 3
        vertex 65 13 3
        vertex 65.58527 12.942356 0
    endloop
endfacet
facet normal -0.09801622 -0.99518484 -0
    outer loop
        vertex 65 13 3
        vertex 65 13 0
        vertex 65.58527 12.942356 0
    endloop
endfacet
facet normal 0.0980175 -0.99518472 0
    outer loop
        vertex 64.414734 12.942356 3
        vertex 65 13 0
        vertex 65 13 3
    endloop
endfacet
facet normal 0.99518472 -0.0980175 0
    outer loop
        vertex 62 150 0
        vertex 62.057644 150.58527 0
        vertex 62 150 3
    endloop
endfacet
facet normal 0.99518472 -0.0980175 0
    outer loop
        vertex 62.057644 150.58527 0
        vertex 62.057644 150.58527 3
        vertex 62 150 3
    endloop
endfacet
facet normal 0.95694101 -0.29028267 0
    outer loop
        vertex 62.228363 151.14806 0
        vertex 62.057644 150.58527 3
        vertex 62.057644 150.58527 0
    endloop
endfacet
facet normal 0.95694101 -0.29028267 0
    outer loop
        vertex 62.228363 151.14806 3
        vertex 62.057644 150.58527 3
        vertex 62.228363 151.14806 0
    endloop
endfacet
facet normal 0.88192469 -0.47139031 0
    outer loop
        vertex 62.228363 151.14806 3
        vertex 62.228363 151.14806 0
        vertex 62.50559 151.66672 0
    endloop
endfacet
facet normal 0.88192469 -0.47139031 0
    outer loop
        vertex 62.228363 151.14806 3
        vertex 62.50559 151.66672 0
        vertex 62.50559 151.66672 3
    endloop
endfacet
facet normal 0.77300066 -0.63440514 0
    outer loop
        vertex 62.50559 151.66672 0
        vertex 62.878685 152.12132 0
        vertex 62.50559 151.66672 3
    endloop
endfacet
facet normal 0.77300066 -0.63440514 0
    outer loop
        vertex 62.878685 152.12132 0
        vertex 62.878685 152.12132 3
        vertex 62.50559 151.66672 3
    endloop
endfacet
facet normal 0.63440448 -0.77300125 0
    outer loop
        vertex 63.333286 152.49442 0
        vertex 62.878685 152.12132 3
        vertex 62.878685 152.12132 0
    endloop
endfacet
facet normal 0.63440448 -0.77300125 0
    outer loop
        vertex 63.333286 152.49442 3
        vertex 62.878685 152.12132 3
        vertex 63.333286 152.49442 0
    endloop
endfacet
facet normal 0.47138259 -0.88192886 0
    outer loop
        vertex 63.333286 152.49442 3
        vertex 63.333286 152.49442 0
        vertex 63.85195 152.77164 0
    endloop
endfacet
facet normal 0.47138259 -0.88192886 0
    outer loop
        vertex 63.333286 152.49442 3
        vertex 63.85195 152.77164 0
        vertex 63.85195 152.77164 3
    endloop
endfacet
facet normal 0.29028028 -0.9569416 0
    outer loop
        vertex 63.85195 152.77164 0
        vertex 64.414734 152.94235 0
        vertex 63.85195 152.77164 3
    endloop
endfacet
facet normal 0.29028028 -0.9569416 0
    outer loop
        vertex 64.414734 152.94235 0
        vertex 64.414734 152.94235 3
        vertex 63.85195 152.77164 3
    endloop
endfacet
facet normal 0.09802392 -0.99518406 0
    outer loop
        vertex 65 153 0
        vertex 64.414734 152.94235 3
        vertex 64.414734 152.94235 0
    endloop
endfacet
facet normal -0.29028392 -0.95694059 0
    outer loop
        vertex 65.58527 152.94235 3
        vertex 66.14805 152.77164 0
        vertex 66.14805 152.77164 3
    endloop
endfacet
facet normal -0.47138527 -0.88192737 -0
    outer loop
        vertex 66.14805 152.77164 3
        vertex 66.14805 152.77164 0
        vertex 66.66671 152.49442 0
    endloop
endfacet
facet normal -0.99518532 -0.09801107 -0
    outer loop
        vertex 68 150 3
        vertex 67.94236 150.58527 3
        vertex 68 150 0
    endloop
endfacet
facet normal -0.99518532 -0.09801107 -0
    outer loop
        vertex 67.94236 150.58527 3
        vertex 67.94236 150.58527 0
        vertex 68 150 0
    endloop
endfacet
facet normal -0.95693916 -0.2902886 0
    outer loop
        vertex 67.77164 151.14806 3
        vertex 67.94236 150.58527 0
        vertex 67.94236 150.58527 3
    endloop
endfacet
facet normal -0.95693916 -0.2902886 0
    outer loop
        vertex 67.77164 151.14806 0
        vertex 67.94236 150.58527 0
        vertex 67.77164 151.14806 3
    endloop
endfacet
facet normal -0.88192201 -0.47139537 0
    outer loop
        vertex 67.77164 151.14806 0
        vertex 67.77164 151.14806 3
        vertex 67.49441 151.66672 3
    endloop
endfacet
facet normal -0.88192201 -0.47139537 0
    outer loop
        vertex 67.77164 151.14806 0
        vertex 67.49441 151.66672 3
        vertex 67.49441 151.66672 0
    endloop
endfacet
facet normal -0.77301025 -0.63439357 -0
    outer loop
        vertex 67.49441 151.66672 3
        vertex 67.12132 152.12132 3
        vertex 67.49441 151.66672 0
    endloop
endfacet
facet normal -0.77301025 -0.63439357 -0
    outer loop
        vertex 67.12132 152.12132 3
        vertex 67.12132 152.12132 0
        vertex 67.49441 151.66672 0
    endloop
endfacet
facet normal -0.63439494 -0.77300912 0
    outer loop
        vertex 66.66671 152.49442 3
        vertex 67.12132 152.12132 0
        vertex 67.12132 152.12132 3
    endloop
endfacet
facet normal -0.63439494 -0.77300912 0
    outer loop
        vertex 66.66671 152.49442 0
        vertex 67.12132 152.12132 0
        vertex 66.66671 152.49442 3
    endloop
endfacet
facet normal -0.47138527 -0.88192737 0
    outer loop
        vertex 66.66671 152.49442 0
        vertex 66.66671 152.49442 3
        vertex 66.14805 152.77164 3
    endloop
endfacet
facet normal -0.29028392 -0.95694059 0
    outer loop
        vertex 66.14805 152.77164 0
        vertex 65.58527 152.94235 3
        vertex 65.58527 152.94235 0
    endloop
endfacet
facet normal -0.09802265 -0.99518418 -0
    outer loop
        vertex 65.58527 152.94235 3
        vertex 65 153 3
        vertex 65.58527 152.94235 0
    endloop
endfacet
facet normal -0.09802265 -0.99518418 -0
    outer loop
        vertex 65 153 3
        vertex 65 153 0
        vertex 65.58527 152.94235 0
    endloop
endfacet
facet normal 0.09802392 -0.99518406 0
    outer loop
        vertex 64.414734 152.94235 3
        vertex 65 153 0
        vertex 65 153 3
    endloop
endfacet
facet normal 0.98078573 -0.19508824 0
    outer loop
        vertex 69.5 151 0
        vertex 69.61418 151.57404 0
        vertex 69.5 151 3
    endloop
endfacet
facet normal 0.98078573 -0.19508824 0
    outer loop
        vertex 69.61418 151.57404 0
        vertex 69.61418 151.57404 3
        vertex 69.5 151 3
    endloop
endfacet
facet normal 0.83146214 -0.55558127 0
    outer loop
        vertex 69.93934 152.06065 0
        vertex 69.61418 151.57404 3
        vertex 69.61418 151.57404 0
    endloop
endfacet
facet normal 0.83146214 -0.55558127 0
    outer loop
        vertex 69.93934 152.06065 3
        vertex 69.61418 151.57404 3
        vertex 69.93934 152.06065 0
    endloop
endfacet
facet normal 0.55557829 -0.83146423 0
    outer loop
        vertex 69.93934 152.06065 3
        vertex 69.93934 152.06065 0
        vertex 70.42597 152.38582 0
    endloop
endfacet
facet normal 0.55557829 -0.83146423 0
    outer loop
        vertex 69.93934 152.06065 3
        vertex 70.42597 152.38582 0
        vertex 70.42597 152.38582 3
    endloop
endfacet
facet normal 0.19509073 -0.98078519 0
    outer loop
        vertex 70.42597 152.38582 0
        vertex 71 152.5 0
        vertex 70.42597 152.38582 3
    endloop
endfacet
facet normal -0.98078573 -0.19508824 -0
    outer loop
        vertex 72.5 151 3
        vertex 72.38582 151.57404 3
        vertex 72.5 151 0
    endloop
endfacet
facet normal -0.98078573 -0.19508824 -0
    outer loop
        vertex 72.38582 151.57404 3
        vertex 72.38582 151.57404 0
        vertex 72.5 151 0
    endloop
endfacet
facet normal -0.83146214 -0.55558127 0
    outer loop
        vertex 72.06066 152.06065 3
        vertex 72.38582 151.57404 0
        vertex 72.38582 151.57404 3
    endloop
endfacet
facet normal -0.83146214 -0.55558127 0
    outer loop
        vertex 72.06066 152.06065 0
        vertex 72.38582 151.57404 0
        vertex 72.06066 152.06065 3
    endloop
endfacet
facet normal -0.55557829 -0.83146423 0
    outer loop
        vertex 72.06066 152.06065 0
        vertex 72.06066 152.06065 3
        vertex 71.57403 152.38582 3
    endloop
endfacet
facet normal -0.55557829 -0.83146423 0
    outer loop
        vertex 72.06066 152.06065 0
        vertex 71.57403 152.38582 3
        vertex 71.57403 152.38582 0
    endloop
endfacet
facet normal -0.19509073 -0.98078519 -0
    outer loop
        vertex 71.57403 152.38582 3
        vertex 71 152.5 3
        vertex 71.57403 152.38582 0
    endloop
endfacet
facet normal -0.19509073 -0.98078519 -0
    outer loop
        vertex 71 152.5 3
        vertex 71 152.5 0
        vertex 71.57403 152.38582 0
    endloop
endfacet
facet normal 0.19509073 -0.98078519 0
    outer loop
        vertex 71 152.5 3
        vertex 70.42597 152.38582 3
        vertex 71 152.5 0
    endloop
endfacet
facet normal 0 0 -1
    outer loop
        vertex 68 12.1875 0
        vertex 68 14.375 0
        vertex 80 2 0
    endloop
endfacet
facet normal 0 0 -1
    outer loop
        vertex 68 14.375 0
        vertex 68 18.75 0
        vertex 80 2 0
    endloop
endfacet
facet normal 0 0 -1
    outer loop
        vertex 68 18.75 0
        vertex 68 27.5 0
        vertex 80 2 0
    endloop
endfacet
facet normal 0 0 -1
    outer loop
        vertex 68 27.5 0
        vertex 68 45 0
        vertex 80 2 0
    endloop
endfacet
facet normal 0 0 -1
    outer loop
        vertex 68 149.45313 0
        vertex 69.61418 150.42596 0
        vertex 69.93934 149.93935 0
    endloop
endfacet
facet normal 0 0 -1
    outer loop
        vertex 68 148.90625 0
        vertex 70.42597 149.61418 0
        vertex 68 147.8125 0
    endloop
endfacet
facet normal 0 0 -1
    outer loop
        vertex 68 148.90625 0
        vertex 69.93934 149.93935 0
        vertex 70.42597 149.61418 0
    endloop
endfacet
facet normal 0 0 -1
    outer loop
        vertex 68 147.8125 0
        vertex 71 149.5 0
        vertex 68 145.625 0
    endloop
endfacet
facet normal 0 0 -1
    outer loop
        vertex 68 147.8125 0
        vertex 70.42597 149.61418 0
        vertex 71 149.5 0
    endloop
endfacet
facet normal 0 0 -1
    outer loop
        vertex 68 145.625 0
        vertex 71.57403 149.61418 0
        vertex 68 141.25 0
    endloop
endfacet
facet normal 0 0 -1
    outer loop
        vertex 68 141.25 0
        vertex 72.06066 149.93935 0
        vertex 68 132.5 0
    endloop
endfacet
facet normal 0 0 -1
    outer loop
        vertex 68 141.25 0
        vertex 71.57403 149.61418 0
        vertex 72.06066 149.93935 0
    endloop
endfacet
facet normal 0 0 -1
    outer loop
        vertex 68 132.5 0
        vertex 72.38582 150.42596 0
        vertex 80 158 0
    endloop
endfacet
facet normal 0 0 -1
    outer loop
        vertex 68 80 0
        vertex 80 158 0
        vertex 80 2 0
    endloop
endfacet
facet normal -0 -0 -1
    outer loop
        vertex 62 147.8125 0
        vertex 62 145.625 0
        vertex 50 158 0
    endloop
endfacet
facet normal -0 -0 -1
    outer loop
        vertex 62 145.625 0
        vertex 62 141.25 0
        vertex 50 158 0
    endloop
endfacet
facet normal -0 -0 -1
    outer loop
        vertex 62 141.25 0
        vertex 62 132.5 0
        vertex 50 158 0
    endloop
endfacet
facet normal -0 -0 -1
    outer loop
        vertex 62 132.5 0
        vertex 62 115 0
        vertex 50 158 0
    endloop
endfacet
facet normal -0 -0 -1
    outer loop
        vertex 62 115 0
        vertex 62 80 0
        vertex 50 158 0
    endloop
endfacet
facet normal 0 -0 -1
    outer loop
        vertex 62 12.1875 0
        vertex 62 10 0
        vertex 50 2 0
    endloop
endfacet
facet normal -0 0 -1
    outer loop
        vertex 62 12.1875 0
        vertex 50 2 0
        vertex 62 14.375 0
    endloop
endfacet
facet normal -0 0 -1
    outer loop
        vertex 62 14.375 0
        vertex 50 2 0
        vertex 62 18.75 0
    endloop
endfacet
facet normal -0 0 -1
    outer loop
        vertex 62 18.75 0
        vertex 50 2 0
        vertex 62 27.5 0
    endloop
endfacet
facet normal -0 0 -1
    outer loop
        vertex 62 27.5 0
        vertex 50 2 0
        vertex 62 45 0
    endloop
endfacet
facet normal -0 0 -1
    outer loop
        vertex 62 45 0
        vertex 50 2 0
        vertex 62 80 0
    endloop
endfacet
facet normal -0 0 -1
    outer loop
        vertex 62 80 0
        vertex 50 2 0
        vertex 50 158 0
    endloop
endfacet
facet normal 0 0 -1
    outer loop
        vertex 72.38582 151.57404 0
        vertex 72.06066 152.06065 0
        vertex 80 158 0
    endloop
endfacet
facet normal 0 0 -1
    outer loop
        vertex 72.38582 151.57404 0
        vertex 80 158 0
        vertex 72.5 151 0
    endloop
endfacet
facet normal 0 0 -0.99999994
    outer loop
        vertex 72.06066 152.06065 0
        vertex 78 160 0
        vertex 80 158 0
    endloop
endfacet
facet normal 0 0 -1
    outer loop
        vertex 71.57403 152.38582 0
        vertex 71 152.5 0
        vertex 78 160 0
    endloop
endfacet
facet normal 0 0 -1
    outer loop
        vertex 66.14805 152.77164 0
        vertex 78 160 0
        vertex 71 152.5 0
    endloop
endfacet
facet normal 0 0 -1
    outer loop
        vertex 69.93934 152.06065 0
        vertex 67.12132 152.12132 0
        vertex 66.66671 152.49442 0
    endloop
endfacet
facet normal 0 0 -1
    outer loop
        vertex 66.66671 152.49442 0
        vertex 66.14805 152.77164 0
        vertex 70.42597 152.38582 0
    endloop
endfacet
facet normal 0 0 -1
    outer loop
        vertex 69.61418 151.57404 0
        vertex 67.49441 151.66672 0
        vertex 69.93934 152.06065 0
    endloop
endfacet
facet normal 0 0 -1
    outer loop
        vertex 69.5 151 0
        vertex 67.77164 151.14806 0
        vertex 69.61418 151.57404 0
    endloop
endfacet
facet normal 0 0 -1
    outer loop
        vertex 66.14805 152.77164 0
        vertex 71 152.5 0
        vertex 70.42597 152.38582 0
    endloop
endfacet
facet normal 0 0 -1
    outer loop
        vertex 67.77164 151.14806 0
        vertex 69.5 151 0
        vertex 67.94236 150.58527 0
    endloop
endfacet
facet normal 0 0 -1
    outer loop
        vertex 80 2 0
        vertex 68 45 0
        vertex 68 80 0
    endloop
endfacet
facet normal 0 0 -1
    outer loop
        vertex 67.94236 150.58527 0
        vertex 69.61418 150.42596 0
        vertex 68 150 0
    endloop
endfacet
facet normal 0 0 -1
    outer loop
        vertex 68 132.5 0
        vertex 72.06066 149.93935 0
        vertex 72.38582 150.42596 0
    endloop
endfacet
facet normal 0 0 -0.99999994
    outer loop
        vertex 69.61418 150.42596 0
        vertex 68 149.45313 0
        vertex 68 150 0
    endloop
endfacet
facet normal 0 0 -1
    outer loop
        vertex 69.61418 150.42596 0
        vertex 67.94236 150.58527 0
        vertex 69.5 151 0
    endloop
endfacet
facet normal 0 0 -1
    outer loop
        vertex 67.12132 152.12132 0
        vertex 69.93934 152.06065 0
        vertex 67.49441 151.66672 0
    endloop
endfacet
facet normal 0 0 -1
    outer loop
        vertex 66.66671 152.49442 0
        vertex 70.42597 152.38582 0
        vertex 69.93934 152.06065 0
    endloop
endfacet
facet normal 0 0 -1
    outer loop
        vertex 66.14805 152.77164 0
        vertex 65.58527 152.94235 0
        vertex 78 160 0
    endloop
endfacet
facet normal 0 0 -1
    outer loop
        vertex 65 153 0
        vertex 78 160 0
        vertex 65.58527 152.94235 0
    endloop
endfacet
facet normal 0 0 -1
    outer loop
        vertex 52 160 0
        vertex 78 160 0
        vertex 65 153 0
    endloop
endfacet
facet normal -0 0 -1
    outer loop
        vertex 63.85195 152.77164 0
        vertex 63.333286 152.49442 0
        vertex 52 160 0
    endloop
endfacet
facet normal 0 0 -0.99999994
    outer loop
        vertex 63.85195 152.77164 0
        vertex 52 160 0
        vertex 64.414734 152.94235 0
    endloop
endfacet
facet normal -0 0 -0.99999994
    outer loop
        vertex 63.333286 152.49442 0
        vertex 62.878685 152.12132 0
        vertex 52 160 0
    endloop
endfacet
facet normal -0 0 -0.99999994
    outer loop
        vertex 62.878685 152.12132 0
        vertex 62.50559 151.66672 0
        vertex 52 160 0
    endloop
endfacet
facet normal -0 0 -0.99999994
    outer loop
        vertex 62.50559 151.66672 0
        vertex 62.228363 151.14806 0
        vertex 52 160 0
    endloop
endfacet
facet normal 0 0 -1
    outer loop
        vertex 62.228363 151.14806 0
        vertex 50 158 0
        vertex 52 160 0
    endloop
endfacet
facet normal 0 0 -1
    outer loop
        vertex 62 147.8125 0
        vertex 50 158 0
        vertex 62 150 0
    endloop
endfacet
facet normal 0 0 -1
    outer loop
        vertex 62.228363 148.85194 0
        vertex 62.057644 149.41473 0
        vertex 62 150 0
    endloop
endfacet
facet normal 0 0 -1
    outer loop
        vertex 62.50559 148.3333 0
        vertex 62.228363 148.85194 0
        vertex 62 150 0
    endloop
endfacet
facet normal 0 0 -1
    outer loop
        vertex 62.50559 148.3333 0
        vertex 62 150 0
        vertex 62.878685 147.87868 0
    endloop
endfacet
facet normal 0 0 -1
    outer loop
        vertex 62.878685 147.87868 0
        vertex 62 150 0
        vertex 63.333286 147.5056 0
    endloop
endfacet
facet normal 0 0 -1
    outer loop
        vertex 63.85195 147.22836 0
        vertex 63.333286 147.5056 0
        vertex 62 150 0
    endloop
endfacet
facet normal 0 0 -1
    outer loop
        vertex 64.414734 147.05763 0
        vertex 63.85195 147.22836 0
        vertex 62 150 0
    endloop
endfacet
facet normal -0 0 -1
    outer loop
        vertex 65.58527 147.05763 0
        vertex 65 147 0
        vertex 62 150 0
    endloop
endfacet
facet normal -0 0 -1
    outer loop
        vertex 66.14805 147.22836 0
        vertex 65.58527 147.05763 0
        vertex 62 150 0
    endloop
endfacet
facet normal -0 0 -1
    outer loop
        vertex 66.66671 147.5056 0
        vertex 66.14805 147.22836 0
        vertex 62 150 0
    endloop
endfacet
facet normal 0 0 -1
    outer loop
        vertex 66.66671 147.5056 0
        vertex 62 150 0
        vertex 67.12132 147.87868 0
    endloop
endfacet
facet normal 0 0 -1
    outer loop
        vertex 67.12132 147.87868 0
        vertex 62 150 0
        vertex 67.49441 148.3333 0
    endloop
endfacet
facet normal 0 0 -1
    outer loop
        vertex 67.49441 148.3333 0
        vertex 62 150 0
        vertex 67.77164 148.85194 0
    endloop
endfacet
facet normal 0 0 -1
    outer loop
        vertex 67.77164 148.85194 0
        vertex 62 150 0
        vertex 67.94236 149.41473 0
    endloop
endfacet
facet normal 0 0 -1
    outer loop
        vertex 68 115 0
        vertex 80 158 0
        vertex 68 80 0
    endloop
endfacet
facet normal 0 0 -1
    outer loop
        vertex 67.94236 149.41473 0
        vertex 62 150 0
        vertex 68 150 0
    endloop
endfacet
facet normal 0 0 -1
    outer loop
        vertex 68 12.1875 0
        vertex 80 2 0
        vertex 68 10 0
    endloop
endfacet
facet normal 0 0 -1
    outer loop
        vertex 67.77164 11.14805 0
        vertex 67.94236 10.585271 0
        vertex 68 10 0
    endloop
endfacet
facet normal 0 0 -1
    outer loop
        vertex 67.49441 11.666711 0
        vertex 67.77164 11.14805 0
        vertex 68 10 0
    endloop
endfacet
facet normal -0 -0 -0.99999994
    outer loop
        vertex 67.49441 11.666711 0
        vertex 68 10 0
        vertex 67.12132 12.121321 0
    endloop
endfacet
facet normal -0 -0 -1
    outer loop
        vertex 67.12132 12.121321 0
        vertex 68 10 0
        vertex 66.66671 12.494409 0
    endloop
endfacet
facet normal 0 0 -1
    outer loop
        vertex 69.93934 149.93935 0
        vertex 68 148.90625 0
        vertex 68 149.45313 0
    endloop
endfacet
facet normal 0 0 -1
    outer loop
        vertex 66.14805 12.771639 0
        vertex 66.66671 12.494409 0
        vertex 68 10 0
    endloop
endfacet
facet normal 0 0 -1
    outer loop
        vertex 65.58527 12.942356 0
        vertex 66.14805 12.771639 0
        vertex 68 10 0
    endloop
endfacet
facet normal 0 0 -1
    outer loop
        vertex 68 115 0
        vertex 68 132.5 0
        vertex 80 158 0
    endloop
endfacet
facet normal 0 0 -1
    outer loop
        vertex 80 158 0
        vertex 72.38582 150.42596 0
        vertex 72.5 151 0
    endloop
endfacet
facet normal 0 0 -1
    outer loop
        vertex 71.57403 149.61418 0
        vertex 68 145.625 0
        vertex 71 149.5 0
    endloop
endfacet
facet normal 0 0 -1
    outer loop
        vertex 64.414734 12.942356 0
        vertex 65 13 0
        vertex 68 10 0
    endloop
endfacet
facet normal 0 0 -1
    outer loop
        vertex 63.85195 12.771639 0
        vertex 64.414734 12.942356 0
        vertex 68 10 0
    endloop
endfacet
facet normal 0 0 -1
    outer loop
        vertex 63.333286 12.494409 0
        vertex 63.85195 12.771639 0
        vertex 68 10 0
    endloop
endfacet
facet normal 0 -0 -1
    outer loop
        vertex 63.333286 12.494409 0
        vertex 68 10 0
        vertex 62.878685 12.121321 0
    endloop
endfacet
facet normal 0 -0 -1
    outer loop
        vertex 62.878685 12.121321 0
        vertex 68 10 0
        vertex 62.50559 11.666711 0
    endloop
endfacet
facet normal 0 0 -1
    outer loop
        vertex 65 147 0
        vertex 64.414734 147.05763 0
        vertex 62 150 0
    endloop
endfacet
facet normal 0 -0 -1
    outer loop
        vertex 62.50559 11.666711 0
        vertex 68 10 0
        vertex 62.228363 11.14805 0
    endloop
endfacet
facet normal 0 -0 -1
    outer loop
        vertex 62.228363 11.14805 0
        vertex 68 10 0
        vertex 62.057644 10.585271 0
    endloop
endfacet
facet normal 0 -0 -1
    outer loop
        vertex 62.057644 10.585271 0
        vertex 68 10 0
        vertex 62 10 0
    endloop
endfacet
facet normal 0 -0 -1
    outer loop
        vertex 62.057644 9.414729 0
        vertex 62.228363 8.85195 0
        vertex 50 2 0
    endloop
endfacet
facet normal -0 0 -1
    outer loop
        vertex 62.057644 9.414729 0
        vertex 50 2 0
        vertex 62 10 0
    endloop
endfacet
facet normal 0 0 -1
    outer loop
        vertex 62.228363 8.85195 0
        vertex 52 -0 0
        vertex 50 2 0
    endloop
endfacet
facet normal -0 0 -0.99999994
    outer loop
        vertex 62.50559 8.333289 0
        vertex 52 -0 0
        vertex 62.228363 8.85195 0
    endloop
endfacet
facet normal 0 -0 -1
    outer loop
        vertex 62.878685 7.8786798 0
        vertex 63.333286 7.505591 0
        vertex 52 -0 0
    endloop
endfacet
facet normal 0 -0 -1
    outer loop
        vertex 63.333286 7.505591 0
        vertex 63.85195 7.2283616 0
        vertex 52 -0 0
    endloop
endfacet
facet normal 0 -0 -0.99999994
    outer loop
        vertex 63.85195 7.2283616 0
        vertex 64.414734 7.057644 0
        vertex 52 -0 0
    endloop
endfacet
facet normal -0 0 -1
    outer loop
        vertex 65 7 0
        vertex 52 -0 0
        vertex 64.414734 7.057644 0
    endloop
endfacet
facet normal 0 0 -1
    outer loop
        vertex 78 -0 0
        vertex 52 -0 0
        vertex 65 7 0
    endloop
endfacet
facet normal 0 0 -1
    outer loop
        vertex 66.14805 7.2283616 0
        vertex 66.66671 7.505591 0
        vertex 78 -0 0
    endloop
endfacet
facet normal 0 -0 -1
    outer loop
        vertex 66.14805 7.2283616 0
        vertex 78 -0 0
        vertex 65.58527 7.057644 0
    endloop
endfacet
facet normal 0 0 -1
    outer loop
        vertex 66.66671 7.505591 0
        vertex 67.12132 7.8786798 0
        vertex 78 -0 0
    endloop
endfacet
facet normal 0 0 -1
    outer loop
        vertex 67.12132 7.8786798 0
        vertex 67.49441 8.333289 0
        vertex 78 -0 0
    endloop
endfacet
facet normal 0 0 -1
    outer loop
        vertex 67.49441 8.333289 0
        vertex 67.77164 8.85195 0
        vertex 78 -0 0
    endloop
endfacet
facet normal 0 0 -1
    outer loop
        vertex 67.77164 8.85195 0
        vertex 80 2 0
        vertex 78 -0 0
    endloop
endfacet
facet normal 0 0 -1
    outer loop
        vertex 78 -0 0
        vertex 65 7 0
        vertex 65.58527 7.057644 0
    endloop
endfacet
facet normal 0 0 -1
    outer loop
        vertex 65 13 0
        vertex 65.58527 12.942356 0
        vertex 68 10 0
    endloop
endfacet
facet normal 0 0 -1
    outer loop
        vertex 80 2 0
        vertex 67.77164 8.85195 0
        vertex 67.94236 9.414729 0
    endloop
endfacet
facet normal 0 0 -1
    outer loop
        vertex 67.77164 151.14806 0
        vertex 67.49441 151.66672 0
        vertex 69.61418 151.57404 0
    endloop
endfacet
facet normal 0 0 -1
    outer loop
        vertex 52 160 0
        vertex 65 153 0
        vertex 64.414734 152.94235 0
    endloop
endfacet
facet normal 0 0 -0.99999994
    outer loop
        vertex 72.06066 152.06065 0
        vertex 71.57403 152.38582 0
        vertex 78 160 0
    endloop
endfacet
facet normal 0 0 -0.99999994
    outer loop
        vertex 62 150 0
        vertex 50 158 0
        vertex 62.057644 150.58527 0
    endloop
endfacet
facet normal 0 0 -1
    outer loop
        vertex 50 158 0
        vertex 50.03843 158.39018 0
        vertex 52 160 0
    endloop
endfacet
facet normal 0 0 -1
    outer loop
        vertex 50.03843 158.39018 0
        vertex 50.15224 158.76537 0
        vertex 52 160 0
    endloop
endfacet
facet normal 0 0 -1
    outer loop
        vertex 50.15224 158.76537 0
        vertex 50.337063 159.11115 0
        vertex 52 160 0
    endloop
endfacet
facet normal 0 0 -0.99999994
    outer loop
        vertex 50.337063 159.11115 0
        vertex 50.58579 159.41422 0
        vertex 52 160 0
    endloop
endfacet
facet normal 0 -0 -1
    outer loop
        vertex 51.609818 159.96156 0
        vertex 52 160 0
        vertex 51.234634 159.84776 0
    endloop
endfacet
facet normal 0 0 -1
    outer loop
        vertex 50.58579 159.41422 0
        vertex 50.88886 159.66293 0
        vertex 52 160 0
    endloop
endfacet
facet normal -0 0 -1
    outer loop
        vertex 62.228363 151.14806 0
        vertex 62.057644 150.58527 0
        vertex 50 158 0
    endloop
endfacet
facet normal 0 0 -1
    outer loop
        vertex 52 160 0
        vertex 50.88886 159.66293 0
        vertex 51.234634 159.84776 0
    endloop
endfacet
facet normal 0 0 -1
    outer loop
        vertex 78 160 0
        vertex 78.39018 159.96156 0
        vertex 80 158 0
    endloop
endfacet
facet normal 0 0 -1
    outer loop
        vertex 78.39018 159.96156 0
        vertex 78.76537 159.84776 0
        vertex 80 158 0
    endloop
endfacet
facet normal 0 0 -1
    outer loop
        vertex 80 158 0
        vertex 78.76537 159.84776 0
        vertex 79.111145 159.66293 0
    endloop
endfacet
facet normal 0 0 -1
    outer loop
        vertex 80 158 0
        vertex 79.111145 159.66293 0
        vertex 79.41421 159.41422 0
    endloop
endfacet
facet normal -0 -0 -1
    outer loop
        vertex 79.84776 158.76537 0
        vertex 80 158 0
        vertex 79.66294 159.11115 0
    endloop
endfacet
facet normal 0 0 -0.99999994
    outer loop
        vertex 80 158 0
        vertex 79.41421 159.41422 0
        vertex 79.66294 159.11115 0
    endloop
endfacet
facet normal -0 -0 -1
    outer loop
        vertex 79.96157 158.39018 0
        vertex 80 158 0
        vertex 79.84776 158.76537 0
    endloop
endfacet
facet normal -0 0 -0.99999994
    outer loop
        vertex 62.878685 7.8786798 0
        vertex 52 -0 0
        vertex 62.50559 8.333289 0
    endloop
endfacet
facet normal 0 -0 -0.99999994
    outer loop
        vertex 68 10 0
        vertex 80 2 0
        vertex 67.94236 9.414729 0
    endloop
endfacet
facet normal 0 0 -1
    outer loop
        vertex 80 2 0
        vertex 79.96157 1.6098194 0
        vertex 78 -0 0
    endloop
endfacet
facet normal 0 0 -1
    outer loop
        vertex 79.96157 1.6098194 0
        vertex 79.84776 1.2346332 0
        vertex 78 -0 0
    endloop
endfacet
facet normal 0 0 -1
    outer loop
        vertex 79.84776 1.2346332 0
        vertex 79.66294 0.88885957 0
        vertex 78 -0 0
    endloop
endfacet
facet normal 0 0 -1
    outer loop
        vertex 79.66294 0.88885957 0
        vertex 79.41421 0.5857864 0
        vertex 78 -0 0
    endloop
endfacet
facet normal 0 0 -1
    outer loop
        vertex 78 -0 0
        vertex 79.111145 0.33706078 0
        vertex 78.76537 0.15224093 0
    endloop
endfacet
facet normal 0 0 -1
    outer loop
        vertex 79.41421 0.5857864 0
        vertex 79.111145 0.33706078 0
        vertex 78 -0 0
    endloop
endfacet
facet normal 0 0 -1
    outer loop
        vertex 78 -0 0
        vertex 78.76537 0.15224093 0
        vertex 78.39018 0.03842944 0
    endloop
endfacet
facet normal 0 0 -1
    outer loop
        vertex 52 -0 0
        vertex 51.609818 0.03842944 0
        vertex 50 2 0
    endloop
endfacet
facet normal 0 0 -1
    outer loop
        vertex 51.609818 0.03842944 0
        vertex 51.234634 0.15224093 0
        vertex 50 2 0
    endloop
endfacet
facet normal 0 0 -1
    outer loop
        vertex 50 2 0
        vertex 51.234634 0.15224093 0
        vertex 50.88886 0.33706078 0
    endloop
endfacet
facet normal 0 0 -1
    outer loop
        vertex 50 2 0
        vertex 50.88886 0.33706078 0
        vertex 50.58579 0.5857864 0
    endloop
endfacet
facet normal 0 0 -1
    outer loop
        vertex 50.15224 1.2346332 0
        vertex 50 2 0
        vertex 50.337063 0.88885957 0
    endloop
endfacet
facet normal 0 0 -1
    outer loop
        vertex 50 2 0
        vertex 50.58579 0.5857864 0
        vertex 50.337063 0.88885957 0
    endloop
endfacet
facet normal 0 0 -1
    outer loop
        vertex 50.03843 1.6098194 0
        vertex 50 2 0
        vertex 50.15224 1.2346332 0
    endloop
endfacet
facet normal 0 0 1
    outer loop
        vertex 65 4 3
        vertex 64.414734 7.057644 3
        vertex 63.85195 7.2283616 3
    endloop
endfacet
facet normal -0 0 1
    outer loop
        vertex 65 2 3
        vertex 65 -0 3
        vertex 70 2 3
    endloop
endfacet
facet normal -0 0 1
    outer loop
        vertex 68 83.97503 3
        vertex 68.53554 83.53554 3
        vertex 68 84.375 3
    endloop
endfacet
facet normal 0 -0 1
    outer loop
        vertex 62 83.97503 3
        vertex 62 84.375 3
        vertex 61.464466 83.53554 3
    endloop
endfacet
facet normal 0 0 1
    outer loop
        vertex 62 76.02496 3
        vertex 61.464466 76.46447 3
        vertex 62 75.625 3
    endloop
endfacet
facet normal -0 0 0.99999994
    outer loop
        vertex 68 76.02496 3
        vertex 68 75.625 3
        vertex 68.53554 76.46447 3
    endloop
endfacet
facet normal -0 0 1
    outer loop
        vertex 68 12.1875 3
        vertex 80 2 3
        vertex 68 14.375 3
    endloop
endfacet
facet normal -0 0 1
    outer loop
        vertex 68 14.375 3
        vertex 80 2 3
        vertex 68 18.75 3
    endloop
endfacet
facet normal -0 0 1
    outer loop
        vertex 68 18.75 3
        vertex 80 2 3
        vertex 68 27.5 3
    endloop
endfacet
facet normal -0 0 1
    outer loop
        vertex 68 27.5 3
        vertex 80 2 3
        vertex 68 45 3
    endloop
endfacet
facet normal 0 -0 0.99999994
    outer loop
        vertex 68 76.171875 3
        vertex 68 76.71875 3
        vertex 67.77785 75.84265 3
    endloop
endfacet
facet normal 0 0 1
    outer loop
        vertex 68 76.171875 3
        vertex 67.77785 75.84265 3
        vertex 68 76.02496 3
    endloop
endfacet
facet normal 0 0 1
    outer loop
        vertex 68 77.8125 3
        vertex 66.91342 75.3806 3
        vertex 68 76.71875 3
    endloop
endfacet
facet normal -0 0 1
    outer loop
        vertex 68 75.625 3
        vertex 68 71.25 3
        vertex 68.53554 76.46447 3
    endloop
endfacet
facet normal -0 0 0.99999994
    outer loop
        vertex 68 71.25 3
        vertex 68 62.5 3
        vertex 69.61939 78.086586 3
    endloop
endfacet
facet normal 0 0 0.99999994
    outer loop
        vertex 68 71.25 3
        vertex 69.61939 78.086586 3
        vertex 69.15735 77.222145 3
    endloop
endfacet
facet normal -0 0 1
    outer loop
        vertex 68 62.5 3
        vertex 80 2 3
        vertex 69.90392 79.02454 3
    endloop
endfacet
facet normal 0 0 0.99999994
    outer loop
        vertex 68 83.828125 3
        vertex 67.77785 84.15735 3
        vertex 68 83.28125 3
    endloop
endfacet
facet normal 0 0 1
    outer loop
        vertex 66.91342 84.61939 3
        vertex 68 83.28125 3
        vertex 67.77785 84.15735 3
    endloop
endfacet
facet normal -0 0 1
    outer loop
        vertex 68 84.375 3
        vertex 68.53554 83.53554 3
        vertex 68 88.75 3
    endloop
endfacet
facet normal 0 0 1
    outer loop
        vertex 68 83.97503 3
        vertex 67.77785 84.15735 3
        vertex 68 83.828125 3
    endloop
endfacet
facet normal 0 0 1
    outer loop
        vertex 68 88.75 3
        vertex 68.53554 83.53554 3
        vertex 69.15735 82.77785 3
    endloop
endfacet
facet normal 0 0 1
    outer loop
        vertex 68 149.45313 3
        vertex 69.93934 149.93935 3
        vertex 69.61418 150.42596 3
    endloop
endfacet
facet normal -0 0 1
    outer loop
        vertex 68 148.90625 3
        vertex 68 147.8125 3
        vertex 70.42597 149.61418 3
    endloop
endfacet
facet normal 0 0 1
    outer loop
        vertex 68 148.90625 3
        vertex 70.42597 149.61418 3
        vertex 69.93934 149.93935 3
    endloop
endfacet
facet normal -0 0 1
    outer loop
        vertex 68 147.8125 3
        vertex 68 145.625 3
        vertex 71 149.5 3
    endloop
endfacet
facet normal 0 0 1
    outer loop
        vertex 68 147.8125 3
        vertex 71 149.5 3
        vertex 70.42597 149.61418 3
    endloop
endfacet
facet normal -0 0 1
    outer loop
        vertex 68 145.625 3
        vertex 68 141.25 3
        vertex 71.57403 149.61418 3
    endloop
endfacet
facet normal -0 0 1
    outer loop
        vertex 68 141.25 3
        vertex 68 132.5 3
        vertex 72.06066 149.93935 3
    endloop
endfacet
facet normal 0 0 1
    outer loop
        vertex 68 141.25 3
        vertex 72.06066 149.93935 3
        vertex 71.57403 149.61418 3
    endloop
endfacet
facet normal 0 0 1
    outer loop
        vertex 80 158 3
        vertex 68 97.5 3
        vertex 69.90392 80.97545 3
    endloop
endfacet
facet normal 0 0 1
    outer loop
        vertex 68 80 3
        vertex 62 80 3
        vertex 62 77.8125 3
    endloop
endfacet
facet normal 0 0 1
    outer loop
        vertex 62 147.8125 3
        vertex 50 158 3
        vertex 62 145.625 3
    endloop
endfacet
facet normal 0 0 1
    outer loop
        vertex 62 145.625 3
        vertex 50 158 3
        vertex 62 141.25 3
    endloop
endfacet
facet normal 0 0 1
    outer loop
        vertex 62 141.25 3
        vertex 50 158 3
        vertex 62 132.5 3
    endloop
endfacet
facet normal 0 0 1
    outer loop
        vertex 62 132.5 3
        vertex 50 158 3
        vertex 62 115 3
    endloop
endfacet
facet normal -0 0 1
    outer loop
        vertex 62 83.828125 3
        vertex 62 83.28125 3
        vertex 62.22215 84.15735 3
    endloop
endfacet
facet normal 0 0 1
    outer loop
        vertex 62 83.828125 3
        vertex 62.22215 84.15735 3
        vertex 62 83.97503 3
    endloop
endfacet
facet normal 0 0 1
    outer loop
        vertex 62 82.1875 3
        vertex 63.086586 84.61939 3
        vertex 62 83.28125 3
    endloop
endfacet
facet normal 0 -0 1
    outer loop
        vertex 62 84.375 3
        vertex 62 88.75 3
        vertex 61.464466 83.53554 3
    endloop
endfacet
facet normal 0 -0 1
    outer loop
        vertex 62 88.75 3
        vertex 62 97.5 3
        vertex 60.380604 81.91342 3
    endloop
endfacet
facet normal 0 -0 1
    outer loop
        vertex 62 97.5 3
        vertex 62 115 3
        vertex 50 158 3
    endloop
endfacet
facet normal 0 0 1
    outer loop
        vertex 62 97.5 3
        vertex 50 158 3
        vertex 60.096073 80.97545 3
    endloop
endfacet
facet normal -0 0 1
    outer loop
        vertex 62 76.171875 3
        vertex 62.22215 75.84265 3
        vertex 62 76.71875 3
    endloop
endfacet
facet normal 0 0 1
    outer loop
        vertex 63.086586 75.3806 3
        vertex 62 76.71875 3
        vertex 62.22215 75.84265 3
    endloop
endfacet
facet normal 0 0 1
    outer loop
        vertex 62 75.625 3
        vertex 61.464466 76.46447 3
        vertex 62 71.25 3
    endloop
endfacet
facet normal -0 0 1
    outer loop
        vertex 62 76.02496 3
        vertex 62.22215 75.84265 3
        vertex 62 76.171875 3
    endloop
endfacet
facet normal 0 0 1
    outer loop
        vertex 62 71.25 3
        vertex 61.464466 76.46447 3
        vertex 60.84265 77.222145 3
    endloop
endfacet
facet normal 0 0 0.99999994
    outer loop
        vertex 60.380604 78.086586 3
        vertex 62 71.25 3
        vertex 60.84265 77.222145 3
    endloop
endfacet
facet normal 0 0 1
    outer loop
        vertex 62 12.1875 3
        vertex 50 2 3
        vertex 62 10 3
    endloop
endfacet
facet normal 0 -0 1
    outer loop
        vertex 62 12.1875 3
        vertex 62 14.375 3
        vertex 50 2 3
    endloop
endfacet
facet normal 0 -0 1
    outer loop
        vertex 62 14.375 3
        vertex 62 18.75 3
        vertex 50 2 3
    endloop
endfacet
facet normal 0 -0 1
    outer loop
        vertex 62 18.75 3
        vertex 62 27.5 3
        vertex 50 2 3
    endloop
endfacet
facet normal 0 -0 1
    outer loop
        vertex 62 27.5 3
        vertex 62 45 3
        vertex 50 2 3
    endloop
endfacet
facet normal 0 0 1
    outer loop
        vertex 60.380604 78.086586 3
        vertex 62 62.5 3
        vertex 62 71.25 3
    endloop
endfacet
facet normal 0 0 1
    outer loop
        vertex 65 4 3
        vertex 70 4 3
        vertex 66.14805 7.2283616 3
    endloop
endfacet
facet normal -0 0 1
    outer loop
        vertex 70 2 3
        vertex 78 -0 3
        vertex 70 4 3
    endloop
endfacet
facet normal 0 0 1
    outer loop
        vertex 65 -0 3
        vertex 60 2 3
        vertex 52 -0 3
    endloop
endfacet
facet normal 0 0 1
    outer loop
        vertex 65 4 3
        vertex 66.14805 7.2283616 3
        vertex 65.58527 7.057644 3
    endloop
endfacet
facet normal 0 0 1
    outer loop
        vertex 60 4 3
        vertex 50 2 3
        vertex 52 -0 3
    endloop
endfacet
facet normal 0 0 1
    outer loop
        vertex 60 4 3
        vertex 62.057644 9.414729 3
        vertex 62 10 3
    endloop
endfacet
facet normal 0 0 1
    outer loop
        vertex 70 4 3
        vertex 78 -0 3
        vertex 80 2 3
    endloop
endfacet
facet normal 0 0 1
    outer loop
        vertex 68 97.5 3
        vertex 80 158 3
        vertex 68 115 3
    endloop
endfacet
facet normal -0 0 1
    outer loop
        vertex 69.90392 80.97545 3
        vertex 70 80 3
        vertex 80 158 3
    endloop
endfacet
facet normal 0 0 1
    outer loop
        vertex 68 132.5 3
        vertex 80 158 3
        vertex 72.38582 150.42596 3
    endloop
endfacet
facet normal -0 0 1
    outer loop
        vertex 68 132.5 3
        vertex 68 115 3
        vertex 80 158 3
    endloop
endfacet
facet normal 0 0 1
    outer loop
        vertex 69.90392 80.97545 3
        vertex 68 97.5 3
        vertex 69.61939 81.91342 3
    endloop
endfacet
facet normal 0 -0 1
    outer loop
        vertex 68 82.1875 3
        vertex 68 83.28125 3
        vertex 66.91342 84.61939 3
    endloop
endfacet
facet normal -0 -0 1
    outer loop
        vertex 69.15735 82.77785 3
        vertex 69.61939 81.91342 3
        vertex 68 88.75 3
    endloop
endfacet
facet normal 0 0 0.99999994
    outer loop
        vertex 68 82.1875 3
        vertex 66.91342 84.61939 3
        vertex 65.97545 84.90392 3
    endloop
endfacet
facet normal -0 0 0.99999994
    outer loop
        vertex 68 88.75 3
        vertex 69.61939 81.91342 3
        vertex 68 97.5 3
    endloop
endfacet
facet normal 0 0 1
    outer loop
        vertex 68 82.1875 3
        vertex 65.97545 84.90392 3
        vertex 65 85 3
    endloop
endfacet
facet normal 0 0 1
    outer loop
        vertex 68 82.1875 3
        vertex 62 82.1875 3
        vertex 68 80 3
    endloop
endfacet
facet normal 0 0 1
    outer loop
        vertex 65 85 3
        vertex 62 82.1875 3
        vertex 68 82.1875 3
    endloop
endfacet
facet normal -0 0 1
    outer loop
        vertex 64.02454 84.90392 3
        vertex 62 82.1875 3
        vertex 65 85 3
    endloop
endfacet
facet normal -0 0 1
    outer loop
        vertex 63.086586 84.61939 3
        vertex 62 82.1875 3
        vertex 64.02454 84.90392 3
    endloop
endfacet
facet normal -0 0 1
    outer loop
        vertex 62.22215 84.15735 3
        vertex 62 83.28125 3
        vertex 63.086586 84.61939 3
    endloop
endfacet
facet normal 0 0 1
    outer loop
        vertex 68 80 3
        vertex 62 82.1875 3
        vertex 62 80 3
    endloop
endfacet
facet normal 0 -0 1
    outer loop
        vertex 60 80 3
        vertex 60.096073 80.97545 3
        vertex 50 158 3
    endloop
endfacet
facet normal 0 0 1
    outer loop
        vertex 62 62.5 3
        vertex 50 2 3
        vertex 62 45 3
    endloop
endfacet
facet normal 0 0 1
    outer loop
        vertex 60.096073 79.02454 3
        vertex 60 80 3
        vertex 50 2 3
    endloop
endfacet
facet normal 0 0 1
    outer loop
        vertex 62 62.5 3
        vertex 60.096073 79.02454 3
        vertex 50 2 3
    endloop
endfacet
facet normal 0 0 1
    outer loop
        vertex 62 62.5 3
        vertex 60.380604 78.086586 3
        vertex 60.096073 79.02454 3
    endloop
endfacet
facet normal 0 0 1
    outer loop
        vertex 62 77.8125 3
        vertex 62 76.71875 3
        vertex 63.086586 75.3806 3
    endloop
endfacet
facet normal 0 0 1
    outer loop
        vertex 62 77.8125 3
        vertex 63.086586 75.3806 3
        vertex 64.02454 75.09607 3
    endloop
endfacet
facet normal 0 0 1
    outer loop
        vertex 62 77.8125 3
        vertex 64.02454 75.09607 3
        vertex 65 75 3
    endloop
endfacet
facet normal 0 0 1
    outer loop
        vertex 68 77.8125 3
        vertex 65 75 3
        vertex 65.97545 75.09607 3
    endloop
endfacet
facet normal 0 0 1
    outer loop
        vertex 68 77.8125 3
        vertex 65.97545 75.09607 3
        vertex 66.91342 75.3806 3
    endloop
endfacet
facet normal 0 -0 1
    outer loop
        vertex 67.77785 75.84265 3
        vertex 68 76.71875 3
        vertex 66.91342 75.3806 3
    endloop
endfacet
facet normal 0 0 1
    outer loop
        vertex 68 77.8125 3
        vertex 62 77.8125 3
        vertex 65 75 3
    endloop
endfacet
facet normal 0 0 1
    outer loop
        vertex 68 80 3
        vertex 62 77.8125 3
        vertex 68 77.8125 3
    endloop
endfacet
facet normal -0 0 1
    outer loop
        vertex 70 80 3
        vertex 80 2 3
        vertex 80 158 3
    endloop
endfacet
facet normal 0 0 1
    outer loop
        vertex 70 80 3
        vertex 69.90392 79.02454 3
        vertex 80 2 3
    endloop
endfacet
facet normal 0 -0 1
    outer loop
        vertex 72.38582 151.57404 3
        vertex 80 158 3
        vertex 72.06066 152.06065 3
    endloop
endfacet
facet normal -0 0 1
    outer loop
        vertex 72.38582 151.57404 3
        vertex 72.5 151 3
        vertex 80 158 3
    endloop
endfacet
facet normal 0 0 0.99999994
    outer loop
        vertex 72.06066 152.06065 3
        vertex 80 158 3
        vertex 78 160 3
    endloop
endfacet
facet normal 0 -0 1
    outer loop
        vertex 71.57403 152.38582 3
        vertex 78 160 3
        vertex 71 152.5 3
    endloop
endfacet
facet normal -0 0 1
    outer loop
        vertex 66.14805 152.77164 3
        vertex 71 152.5 3
        vertex 78 160 3
    endloop
endfacet
facet normal 0 0 1
    outer loop
        vertex 69.93934 152.06065 3
        vertex 66.66671 152.49442 3
        vertex 67.12132 152.12132 3
    endloop
endfacet
facet normal -0 -0 1
    outer loop
        vertex 66.66671 152.49442 3
        vertex 70.42597 152.38582 3
        vertex 66.14805 152.77164 3
    endloop
endfacet
facet normal 0 -0 1
    outer loop
        vertex 69.61418 151.57404 3
        vertex 69.93934 152.06065 3
        vertex 67.49441 151.66672 3
    endloop
endfacet
facet normal 0 -0 1
    outer loop
        vertex 69.5 151 3
        vertex 69.61418 151.57404 3
        vertex 67.77164 151.14806 3
    endloop
endfacet
facet normal 0 0 1
    outer loop
        vertex 66.14805 152.77164 3
        vertex 70.42597 152.38582 3
        vertex 71 152.5 3
    endloop
endfacet
facet normal 0 0 1
    outer loop
        vertex 67.77164 151.14806 3
        vertex 67.94236 150.58527 3
        vertex 69.5 151 3
    endloop
endfacet
facet normal 0 0 0.99999994
    outer loop
        vertex 69.15735 77.222145 3
        vertex 68.53554 76.46447 3
        vertex 68 71.25 3
    endloop
endfacet
facet normal 0 0 1
    outer loop
        vertex 68 62.5 3
        vertex 69.90392 79.02454 3
        vertex 69.61939 78.086586 3
    endloop
endfacet
facet normal 0 0 1
    outer loop
        vertex 67.94236 150.58527 3
        vertex 68 150 3
        vertex 69.61418 150.42596 3
    endloop
endfacet
facet normal 0 0 1
    outer loop
        vertex 68 132.5 3
        vertex 72.38582 150.42596 3
        vertex 72.06066 149.93935 3
    endloop
endfacet
facet normal 0 0 0.99999994
    outer loop
        vertex 69.61418 150.42596 3
        vertex 68 150 3
        vertex 68 149.45313 3
    endloop
endfacet
facet normal 0 0 1
    outer loop
        vertex 69.61418 150.42596 3
        vertex 69.5 151 3
        vertex 67.94236 150.58527 3
    endloop
endfacet
facet normal 0 0 1
    outer loop
        vertex 67.12132 152.12132 3
        vertex 67.49441 151.66672 3
        vertex 69.93934 152.06065 3
    endloop
endfacet
facet normal 0 0 1
    outer loop
        vertex 66.66671 152.49442 3
        vertex 69.93934 152.06065 3
        vertex 70.42597 152.38582 3
    endloop
endfacet
facet normal 0 -0 1
    outer loop
        vertex 66.14805 152.77164 3
        vertex 78 160 3
        vertex 65.58527 152.94235 3
    endloop
endfacet
facet normal -0 0 1
    outer loop
        vertex 65 153 3
        vertex 65.58527 152.94235 3
        vertex 78 160 3
    endloop
endfacet
facet normal -0 0 1
    outer loop
        vertex 52 160 3
        vertex 65 153 3
        vertex 78 160 3
    endloop
endfacet
facet normal 0 0 1
    outer loop
        vertex 63.85195 152.77164 3
        vertex 52 160 3
        vertex 63.333286 152.49442 3
    endloop
endfacet
facet normal 0 -0 0.99999994
    outer loop
        vertex 63.85195 152.77164 3
        vertex 64.414734 152.94235 3
        vertex 52 160 3
    endloop
endfacet
facet normal 0 0 0.99999994
    outer loop
        vertex 63.333286 152.49442 3
        vertex 52 160 3
        vertex 62.878685 152.12132 3
    endloop
endfacet
facet normal 0 0 0.99999994
    outer loop
        vertex 62.878685 152.12132 3
        vertex 52 160 3
        vertex 62.50559 151.66672 3
    endloop
endfacet
facet normal 0 0 0.99999994
    outer loop
        vertex 62.50559 151.66672 3
        vertex 52 160 3
        vertex 62.228363 151.14806 3
    endloop
endfacet
facet normal 0 0 1
    outer loop
        vertex 62.228363 151.14806 3
        vertex 52 160 3
        vertex 50 158 3
    endloop
endfacet
facet normal 0 -0 1
    outer loop
        vertex 62 147.8125 3
        vertex 62 150 3
        vertex 50 158 3
    endloop
endfacet
facet normal 0 0 1
    outer loop
        vertex 62.228363 148.85194 3
        vertex 62 150 3
        vertex 62.057644 149.41473 3
    endloop
endfacet
facet normal 0 0 1
    outer loop
        vertex 62.50559 148.3333 3
        vertex 62 150 3
        vertex 62.228363 148.85194 3
    endloop
endfacet
facet normal -0 -0 1
    outer loop
        vertex 62.50559 148.3333 3
        vertex 62.878685 147.87868 3
        vertex 62 150 3
    endloop
endfacet
facet normal -0 -0 1
    outer loop
        vertex 62.878685 147.87868 3
        vertex 63.333286 147.5056 3
        vertex 62 150 3
    endloop
endfacet
facet normal 0 0 1
    outer loop
        vertex 50 2 3
        vertex 60 80 3
        vertex 50 158 3
    endloop
endfacet
facet normal 0 0 1
    outer loop
        vertex 62 97.5 3
        vertex 60.096073 80.97545 3
        vertex 60.380604 81.91342 3
    endloop
endfacet
facet normal 0 0 1
    outer loop
        vertex 63.85195 147.22836 3
        vertex 62 150 3
        vertex 63.333286 147.5056 3
    endloop
endfacet
facet normal 0 0 1
    outer loop
        vertex 64.414734 147.05763 3
        vertex 62 150 3
        vertex 63.85195 147.22836 3
    endloop
endfacet
facet normal 0 0 1
    outer loop
        vertex 62 88.75 3
        vertex 60.84265 82.77785 3
        vertex 61.464466 83.53554 3
    endloop
endfacet
facet normal 0 0 1
    outer loop
        vertex 65.58527 147.05763 3
        vertex 62 150 3
        vertex 65 147 3
    endloop
endfacet
facet normal 0 0 1
    outer loop
        vertex 66.14805 147.22836 3
        vertex 62 150 3
        vertex 65.58527 147.05763 3
    endloop
endfacet
facet normal 0 0 1
    outer loop
        vertex 66.66671 147.5056 3
        vertex 62 150 3
        vertex 66.14805 147.22836 3
    endloop
endfacet
facet normal 0 -0 1
    outer loop
        vertex 66.66671 147.5056 3
        vertex 67.12132 147.87868 3
        vertex 62 150 3
    endloop
endfacet
facet normal 0 -0 1
    outer loop
        vertex 67.12132 147.87868 3
        vertex 67.49441 148.3333 3
        vertex 62 150 3
    endloop
endfacet
facet normal -0 0 1
    outer loop
        vertex 68 45 3
        vertex 80 2 3
        vertex 68 62.5 3
    endloop
endfacet
facet normal 0 -0 1
    outer loop
        vertex 67.49441 148.3333 3
        vertex 67.77164 148.85194 3
        vertex 62 150 3
    endloop
endfacet
facet normal 0 -0 1
    outer loop
        vertex 67.77164 148.85194 3
        vertex 67.94236 149.41473 3
        vertex 62 150 3
    endloop
endfacet
facet normal 0 -0 1
    outer loop
        vertex 67.94236 149.41473 3
        vertex 68 150 3
        vertex 62 150 3
    endloop
endfacet
facet normal 0 0 1
    outer loop
        vertex 68 12.1875 3
        vertex 68 10 3
        vertex 80 2 3
    endloop
endfacet
facet normal 0 0 1
    outer loop
        vertex 67.77164 11.14805 3
        vertex 68 10 3
        vertex 67.94236 10.585271 3
    endloop
endfacet
facet normal 0 0 1
    outer loop
        vertex 67.49441 11.666711 3
        vertex 68 10 3
        vertex 67.77164 11.14805 3
    endloop
endfacet
facet normal 0 0 0.99999994
    outer loop
        vertex 67.49441 11.666711 3
        vertex 67.12132 12.121321 3
        vertex 68 10 3
    endloop
endfacet
facet normal 0 0 1
    outer loop
        vertex 67.12132 12.121321 3
        vertex 66.66671 12.494409 3
        vertex 68 10 3
    endloop
endfacet
facet normal 0 0 1
    outer loop
        vertex 69.93934 149.93935 3
        vertex 68 149.45313 3
        vertex 68 148.90625 3
    endloop
endfacet
facet normal 0 0 1
    outer loop
        vertex 66.14805 12.771639 3
        vertex 68 10 3
        vertex 66.66671 12.494409 3
    endloop
endfacet
facet normal 0 0 1
    outer loop
        vertex 65.58527 12.942356 3
        vertex 68 10 3
        vertex 66.14805 12.771639 3
    endloop
endfacet
facet normal -0 0 1
    outer loop
        vertex 71 149.5 3
        vertex 68 145.625 3
        vertex 71.57403 149.61418 3
    endloop
endfacet
facet normal 0 0 1
    outer loop
        vertex 80 158 3
        vertex 72.5 151 3
        vertex 72.38582 150.42596 3
    endloop
endfacet
facet normal -0 0 1
    outer loop
        vertex 64.414734 12.942356 3
        vertex 68 10 3
        vertex 65 13 3
    endloop
endfacet
facet normal -0 0 1
    outer loop
        vertex 63.85195 12.771639 3
        vertex 68 10 3
        vertex 64.414734 12.942356 3
    endloop
endfacet
facet normal -0 0 1
    outer loop
        vertex 63.333286 12.494409 3
        vertex 68 10 3
        vertex 63.85195 12.771639 3
    endloop
endfacet
facet normal 0 0 1
    outer loop
        vertex 63.333286 12.494409 3
        vertex 62.878685 12.121321 3
        vertex 68 10 3
    endloop
endfacet
facet normal 0 0 1
    outer loop
        vertex 62.878685 12.121321 3
        vertex 62.50559 11.666711 3
        vertex 68 10 3
    endloop
endfacet
facet normal 0 0 1
    outer loop
        vertex 65 147 3
        vertex 62 150 3
        vertex 64.414734 147.05763 3
    endloop
endfacet
facet normal 0 0 1
    outer loop
        vertex 62.50559 11.666711 3
        vertex 62.228363 11.14805 3
        vertex 68 10 3
    endloop
endfacet
facet normal 0 0 1
    outer loop
        vertex 62 88.75 3
        vertex 60.380604 81.91342 3
        vertex 60.84265 82.77785 3
    endloop
endfacet
facet normal 0 0 1
    outer loop
        vertex 62.228363 11.14805 3
        vertex 62.057644 10.585271 3
        vertex 68 10 3
    endloop
endfacet
facet normal 0 0 1
    outer loop
        vertex 62.057644 10.585271 3
        vertex 62 10 3
        vertex 68 10 3
    endloop
endfacet
facet normal 0 -0 1
    outer loop
        vertex 65 -0 3
        vertex 65 2 3
        vertex 60 2 3
    endloop
endfacet
facet normal 0 -0 1
    outer loop
        vertex 60 4 3
        vertex 62 10 3
        vertex 50 2 3
    endloop
endfacet
facet normal 0 -0 1
    outer loop
        vertex 60 2 3
        vertex 60 4 3
        vertex 52 -0 3
    endloop
endfacet
facet normal 0 0 1
    outer loop
        vertex 60 4 3
        vertex 62.228363 8.85195 3
        vertex 62.057644 9.414729 3
    endloop
endfacet
facet normal 0 0 1
    outer loop
        vertex 62.878685 7.8786798 3
        vertex 62.50559 8.333289 3
        vertex 60 4 3
    endloop
endfacet
facet normal 0 0 1
    outer loop
        vertex 63.333286 7.505591 3
        vertex 62.878685 7.8786798 3
        vertex 60 4 3
    endloop
endfacet
facet normal 0 0 0.99999994
    outer loop
        vertex 63.85195 7.2283616 3
        vertex 63.333286 7.505591 3
        vertex 60 4 3
    endloop
endfacet
facet normal 0 0 1
    outer loop
        vertex 60 4 3
        vertex 65 4 3
        vertex 63.85195 7.2283616 3
    endloop
endfacet
facet normal -0 0 1
    outer loop
        vertex 66.14805 7.2283616 3
        vertex 70 4 3
        vertex 66.66671 7.505591 3
    endloop
endfacet
facet normal 0 0 1
    outer loop
        vertex 65 4 3
        vertex 65.58527 7.057644 3
        vertex 65 7 3
    endloop
endfacet
facet normal -0 0 1
    outer loop
        vertex 66.66671 7.505591 3
        vertex 70 4 3
        vertex 67.12132 7.8786798 3
    endloop
endfacet
facet normal -0 0 0.99999994
    outer loop
        vertex 67.12132 7.8786798 3
        vertex 70 4 3
        vertex 67.49441 8.333289 3
    endloop
endfacet
facet normal -0 0 1
    outer loop
        vertex 67.49441 8.333289 3
        vertex 70 4 3
        vertex 67.77164 8.85195 3
    endloop
endfacet
facet normal 0 0 1
    outer loop
        vertex 68 10 3
        vertex 70 4 3
        vertex 80 2 3
    endloop
endfacet
facet normal 0 0 1
    outer loop
        vertex 64.414734 7.057644 3
        vertex 65 4 3
        vertex 65 7 3
    endloop
endfacet
facet normal 0 0 1
    outer loop
        vertex 65 13 3
        vertex 68 10 3
        vertex 65.58527 12.942356 3
    endloop
endfacet
facet normal 0 0 1
    outer loop
        vertex 70 4 3
        vertex 67.94236 9.414729 3
        vertex 67.77164 8.85195 3
    endloop
endfacet
facet normal 0 -0 1
    outer loop
        vertex 67.77164 151.14806 3
        vertex 69.61418 151.57404 3
        vertex 67.49441 151.66672 3
    endloop
endfacet
facet normal 0 0 1
    outer loop
        vertex 52 160 3
        vertex 64.414734 152.94235 3
        vertex 65 153 3
    endloop
endfacet
facet normal 0 -0 0.99999994
    outer loop
        vertex 72.06066 152.06065 3
        vertex 78 160 3
        vertex 71.57403 152.38582 3
    endloop
endfacet
facet normal 0 -0 0.99999994
    outer loop
        vertex 62 150 3
        vertex 62.057644 150.58527 3
        vertex 50 158 3
    endloop
endfacet
facet normal 0 0 1
    outer loop
        vertex 50 158 3
        vertex 52 160 3
        vertex 50.03843 158.39018 3
    endloop
endfacet
facet normal 0 0 1
    outer loop
        vertex 50.03843 158.39018 3
        vertex 52 160 3
        vertex 50.15224 158.76537 3
    endloop
endfacet
facet normal 0 0 1
    outer loop
        vertex 50.15224 158.76537 3
        vertex 52 160 3
        vertex 50.337063 159.11115 3
    endloop
endfacet
facet normal 0 0 0.99999994
    outer loop
        vertex 50.337063 159.11115 3
        vertex 52 160 3
        vertex 50.58579 159.41422 3
    endloop
endfacet
facet normal -0 0 1
    outer loop
        vertex 51.609818 159.96156 3
        vertex 51.234634 159.84776 3
        vertex 52 160 3
    endloop
endfacet
facet normal 0 0 1
    outer loop
        vertex 50.58579 159.41422 3
        vertex 52 160 3
        vertex 50.88886 159.66293 3
    endloop
endfacet
facet normal 0 0 1
    outer loop
        vertex 62.228363 151.14806 3
        vertex 50 158 3
        vertex 62.057644 150.58527 3
    endloop
endfacet
facet normal 0 0 1
    outer loop
        vertex 52 160 3
        vertex 51.234634 159.84776 3
        vertex 50.88886 159.66293 3
    endloop
endfacet
facet normal 0 0 1
    outer loop
        vertex 78 160 3
        vertex 80 158 3
        vertex 78.39018 159.96156 3
    endloop
endfacet
facet normal 0 0 1
    outer loop
        vertex 78.39018 159.96156 3
        vertex 80 158 3
        vertex 78.76537 159.84776 3
    endloop
endfacet
facet normal 0 0 1
    outer loop
        vertex 80 158 3
        vertex 79.111145 159.66293 3
        vertex 78.76537 159.84776 3
    endloop
endfacet
facet normal 0 0 1
    outer loop
        vertex 80 158 3
        vertex 79.41421 159.41422 3
        vertex 79.111145 159.66293 3
    endloop
endfacet
facet normal 0 0 1
    outer loop
        vertex 79.84776 158.76537 3
        vertex 79.66294 159.11115 3
        vertex 80 158 3
    endloop
endfacet
facet normal 0 0 0.99999994
    outer loop
        vertex 80 158 3
        vertex 79.66294 159.11115 3
        vertex 79.41421 159.41422 3
    endloop
endfacet
facet normal 0 0 1
    outer loop
        vertex 79.96157 158.39018 3
        vertex 79.84776 158.76537 3
        vertex 80 158 3
    endloop
endfacet
facet normal 0 0 1
    outer loop
        vertex 60 4 3
        vertex 62.50559 8.333289 3
        vertex 62.228363 8.85195 3
    endloop
endfacet
facet normal 0 0 1
    outer loop
        vertex 68 10 3
        vertex 67.94236 9.414729 3
        vertex 70 4 3
    endloop
endfacet
facet normal 0 0 1
    outer loop
        vertex 80 2 3
        vertex 78 -0 3
        vertex 79.96157 1.6098194 3
    endloop
endfacet
facet normal 0 0 1
    outer loop
        vertex 79.96157 1.6098194 3
        vertex 78 -0 3
        vertex 79.84776 1.2346332 3
    endloop
endfacet
facet normal 0 0 1
    outer loop
        vertex 79.84776 1.2346332 3
        vertex 78 -0 3
        vertex 79.66294 0.88885957 3
    endloop
endfacet
facet normal 0 0 1
    outer loop
        vertex 79.66294 0.88885957 3
        vertex 78 -0 3
        vertex 79.41421 0.5857864 3
    endloop
endfacet
facet normal 0 0 1
    outer loop
        vertex 78 -0 3
        vertex 78.76537 0.15224093 3
        vertex 79.111145 0.33706078 3
    endloop
endfacet
facet normal 0 0 1
    outer loop
        vertex 79.41421 0.5857864 3
        vertex 78 -0 3
        vertex 79.111145 0.33706078 3
    endloop
endfacet
facet normal 0 0 1
    outer loop
        vertex 78 -0 3
        vertex 78.39018 0.03842944 3
        vertex 78.76537 0.15224093 3
    endloop
endfacet
facet normal 0 0 1
    outer loop
        vertex 52 -0 3
        vertex 50 2 3
        vertex 51.609818 0.03842944 3
    endloop
endfacet
facet normal 0 0 1
    outer loop
        vertex 70 2 3
        vertex 65 -0 3
        vertex 78 -0 3
    endloop
endfacet
facet normal 0 0 1
    outer loop
        vertex 51.609818 0.03842944 3
        vertex 50 2 3
        vertex 51.234634 0.15224093 3
    endloop
endfacet
facet normal 0 0 1
    outer loop
        vertex 50 2 3
        vertex 50.88886 0.33706078 3
        vertex 51.234634 0.15224093 3
    endloop
endfacet
facet normal 0 0 1
    outer loop
        vertex 50 2 3
        vertex 50.58579 0.5857864 3
        vertex 50.88886 0.33706078 3
    endloop
endfacet
facet normal -0 -0 1
    outer loop
        vertex 50.15224 1.2346332 3
        vertex 50.337063 0.88885957 3
        vertex 50 2 3
    endloop
endfacet
facet normal 0 0 1
    outer loop
        vertex 50 2 3
        vertex 50.337063 0.88885957 3
        vertex 50.58579 0.5857864 3
    endloop
endfacet
facet normal -0 -0 1
    outer loop
        vertex 50.03843 1.6098194 3
        vertex 50.15224 1.2346332 3
        vertex 50 2 3
    endloop
endfacet
facet normal 0.09801668 -0.99518472 0
    outer loop
        vertex 78 -0 3
        vertex 78 -0 0
        vertex 78.39018 0.03842944 3
    endloop
endfacet
facet normal 0.29028147 -0.95694131 0
    outer loop
        vertex 78.39018 0.03842944 3
        vertex 78.39018 0.03842944 0
        vertex 78.76537 0.15224093 3
    endloop
endfacet
facet normal 0.29028147 -0.95694131 0
    outer loop
        vertex 78.76537 0.15224093 3
        vertex 78.39018 0.03842944 0
        vertex 78.76537 0.15224093 0
    endloop
endfacet
facet normal 0.47139871 -0.88192028 0
    outer loop
        vertex 79.111145 0.33706078 3
        vertex 78.76537 0.15224093 0
        vertex 79.111145 0.33706078 0
    endloop
endfacet
facet normal 0.63440657 -0.77299964 0
    outer loop
        vertex 79.41421 0.5857864 3
        vertex 79.111145 0.33706078 0
        vertex 79.41421 0.5857864 0
    endloop
endfacet
facet normal 0.77300072 -0.6344052 0
    outer loop
        vertex 79.66294 0.88885957 3
        vertex 79.41421 0.5857864 3
        vertex 79.41421 0.5857864 0
    endloop
endfacet
facet normal 0.88191879 -0.47140113 0
    outer loop
        vertex 79.84776 1.2346332 3
        vertex 79.66294 0.88885957 3
        vertex 79.66294 0.88885957 0
    endloop
endfacet
facet normal 0.88191879 -0.47140113 0
    outer loop
        vertex 79.84776 1.2346332 0
        vertex 79.84776 1.2346332 3
        vertex 79.66294 0.88885957 0
    endloop
endfacet
facet normal 0.99518484 -0.09801671 0
    outer loop
        vertex 79.96157 1.6098194 0
        vertex 80 2 0
        vertex 80 2 3
    endloop
endfacet
facet normal 0.99518484 -0.09801671 0
    outer loop
        vertex 79.96157 1.6098194 3
        vertex 79.96157 1.6098194 0
        vertex 80 2 3
    endloop
endfacet
facet normal 0.95694304 -0.29027575 0
    outer loop
        vertex 79.96157 1.6098194 3
        vertex 79.84776 1.2346332 0
        vertex 79.96157 1.6098194 0
    endloop
endfacet
facet normal 0.95694304 -0.29027575 0
    outer loop
        vertex 79.96157 1.6098194 3
        vertex 79.84776 1.2346332 3
        vertex 79.84776 1.2346332 0
    endloop
endfacet
facet normal 0.77300072 -0.6344052 0
    outer loop
        vertex 79.66294 0.88885957 3
        vertex 79.41421 0.5857864 0
        vertex 79.66294 0.88885957 0
    endloop
endfacet
facet normal 0.63440657 -0.77299964 0
    outer loop
        vertex 79.111145 0.33706078 3
        vertex 79.111145 0.33706078 0
        vertex 79.41421 0.5857864 3
    endloop
endfacet
facet normal 0.09801668 -0.99518472 0
    outer loop
        vertex 78.39018 0.03842944 0
        vertex 78.39018 0.03842944 3
        vertex 78 -0 0
    endloop
endfacet
facet normal 0.47139871 -0.88192028 0
    outer loop
        vertex 78.76537 0.15224093 0
        vertex 79.111145 0.33706078 3
        vertex 78.76537 0.15224093 3
    endloop
endfacet
facet normal 0.99518484 0.09801622 0
    outer loop
        vertex 80 158 3
        vertex 80 158 0
        vertex 79.96157 158.39018 3
    endloop
endfacet
facet normal 0.95694232 0.29027796 0
    outer loop
        vertex 79.96157 158.39018 3
        vertex 79.96157 158.39018 0
        vertex 79.84776 158.76537 3
    endloop
endfacet
facet normal 0.95694232 0.29027796 0
    outer loop
        vertex 79.84776 158.76537 3
        vertex 79.96157 158.39018 0
        vertex 79.84776 158.76537 0
    endloop
endfacet
facet normal 0.88192219 0.47139502 0
    outer loop
        vertex 79.66294 159.11115 3
        vertex 79.84776 158.76537 0
        vertex 79.66294 159.11115 0
    endloop
endfacet
facet normal 0.7729975 0.63440907 0
    outer loop
        vertex 79.41421 159.41422 3
        vertex 79.66294 159.11115 0
        vertex 79.41421 159.41422 0
    endloop
endfacet
facet normal 0.63439536 0.77300876 0
    outer loop
        vertex 79.111145 159.66293 3
        vertex 79.41421 159.41422 3
        vertex 79.41421 159.41422 0
    endloop
endfacet
facet normal 0.47141826 0.88190985 0
    outer loop
        vertex 78.76537 159.84776 3
        vertex 79.111145 159.66293 3
        vertex 79.111145 159.66293 0
    endloop
endfacet
facet normal 0.47141826 0.88190985 -0
    outer loop
        vertex 78.76537 159.84776 0
        vertex 78.76537 159.84776 3
        vertex 79.111145 159.66293 0
    endloop
endfacet
facet normal 0.0980355 0.99518293 0
    outer loop
        vertex 78.39018 159.96156 0
        vertex 78 160 0
        vertex 78 160 3
    endloop
endfacet
facet normal 0.0980355 0.99518293 0
    outer loop
        vertex 78.39018 159.96156 3
        vertex 78.39018 159.96156 0
        vertex 78 160 3
    endloop
endfacet
facet normal 0.29025477 0.95694947 0
    outer loop
        vertex 78.39018 159.96156 3
        vertex 78.76537 159.84776 0
        vertex 78.39018 159.96156 0
    endloop
endfacet
facet normal 0.29025477 0.95694947 0
    outer loop
        vertex 78.39018 159.96156 3
        vertex 78.76537 159.84776 3
        vertex 78.76537 159.84776 0
    endloop
endfacet
facet normal 0.63439536 0.77300876 0
    outer loop
        vertex 79.111145 159.66293 3
        vertex 79.41421 159.41422 0
        vertex 79.111145 159.66293 0
    endloop
endfacet
facet normal 0.7729975 0.63440907 0
    outer loop
        vertex 79.66294 159.11115 3
        vertex 79.66294 159.11115 0
        vertex 79.41421 159.41422 3
    endloop
endfacet
facet normal 0.99518484 0.09801622 -0
    outer loop
        vertex 79.96157 158.39018 0
        vertex 79.96157 158.39018 3
        vertex 80 158 0
    endloop
endfacet
facet normal 0.88192219 0.47139502 -0
    outer loop
        vertex 79.84776 158.76537 0
        vertex 79.66294 159.11115 3
        vertex 79.84776 158.76537 3
    endloop
endfacet
facet normal -0.0980355 0.99518293 0
    outer loop
        vertex 52 160 3
        vertex 52 160 0
        vertex 51.609818 159.96156 3
    endloop
endfacet
facet normal -0.29026014 0.95694774 0
    outer loop
        vertex 51.609818 159.96156 3
        vertex 51.609818 159.96156 0
        vertex 51.234634 159.84776 3
    endloop
endfacet
facet normal -0.29026014 0.95694774 0
    outer loop
        vertex 51.234634 159.84776 3
        vertex 51.609818 159.96156 0
        vertex 51.234634 159.84776 0
    endloop
endfacet
facet normal -0.47141421 0.88191193 0
    outer loop
        vertex 50.88886 159.66293 3
        vertex 51.234634 159.84776 0
        vertex 50.88886 159.66293 0
    endloop
endfacet
facet normal -0.6343857 0.77301651 0
    outer loop
        vertex 50.58579 159.41422 3
        vertex 50.88886 159.66293 0
        vertex 50.58579 159.41422 0
    endloop
endfacet
facet normal -0.77300704 0.63439739 0
    outer loop
        vertex 50.337063 159.11115 3
        vertex 50.58579 159.41422 3
        vertex 50.58579 159.41422 0
    endloop
endfacet
facet normal -0.88192219 0.47139502 0
    outer loop
        vertex 50.15224 158.76537 3
        vertex 50.337063 159.11115 3
        vertex 50.337063 159.11115 0
    endloop
endfacet
facet normal -0.88192219 0.47139502 0
    outer loop
        vertex 50.15224 158.76537 0
        vertex 50.15224 158.76537 3
        vertex 50.337063 159.11115 0
    endloop
endfacet
facet normal -0.99518484 0.09801622 0
    outer loop
        vertex 50.03843 158.39018 0
        vertex 50 158 0
        vertex 50 158 3
    endloop
endfacet
facet normal -0.99518484 0.09801622 0
    outer loop
        vertex 50.03843 158.39018 3
        vertex 50.03843 158.39018 0
        vertex 50 158 3
    endloop
endfacet
facet normal -0.95693964 0.29028687 0
    outer loop
        vertex 50.03843 158.39018 3
        vertex 50.15224 158.76537 0
        vertex 50.03843 158.39018 0
    endloop
endfacet
facet normal -0.95693964 0.29028687 0
    outer loop
        vertex 50.03843 158.39018 3
        vertex 50.15224 158.76537 3
        vertex 50.15224 158.76537 0
    endloop
endfacet
facet normal -0.77300704 0.63439739 0
    outer loop
        vertex 50.337063 159.11115 3
        vertex 50.58579 159.41422 0
        vertex 50.337063 159.11115 0
    endloop
endfacet
facet normal -0.6343857 0.77301651 0
    outer loop
        vertex 50.88886 159.66293 3
        vertex 50.88886 159.66293 0
        vertex 50.58579 159.41422 3
    endloop
endfacet
facet normal -0.0980355 0.99518293 0
    outer loop
        vertex 51.609818 159.96156 0
        vertex 51.609818 159.96156 3
        vertex 52 160 0
    endloop
endfacet
facet normal -0.47141421 0.88191193 0
    outer loop
        vertex 51.234634 159.84776 0
        vertex 50.88886 159.66293 3
        vertex 51.234634 159.84776 3
    endloop
endfacet
facet normal -0.29028687 -0.95693964 0
    outer loop
        vertex 51.609818 0.03842944 0
        vertex 51.609818 0.03842944 3
        vertex 51.234634 0.15224093 0
    endloop
endfacet
facet normal -0.47139466 -0.88192236 0
    outer loop
        vertex 51.234634 0.15224093 0
        vertex 51.234634 0.15224093 3
        vertex 50.88886 0.33706078 0
    endloop
endfacet
facet normal -0.47139466 -0.88192236 0
    outer loop
        vertex 50.88886 0.33706078 0
        vertex 51.234634 0.15224093 3
        vertex 50.88886 0.33706078 3
    endloop
endfacet
facet normal -0.63439697 -0.77300739 0
    outer loop
        vertex 50.58579 0.5857864 0
        vertex 50.88886 0.33706078 3
        vertex 50.58579 0.5857864 3
    endloop
endfacet
facet normal -0.77301031 -0.63439357 0
    outer loop
        vertex 50.337063 0.88885957 0
        vertex 50.58579 0.5857864 0
        vertex 50.58579 0.5857864 3
    endloop
endfacet
facet normal -0.88191879 -0.47140113 0
    outer loop
        vertex 50.15224 1.2346332 0
        vertex 50.337063 0.88885957 0
        vertex 50.337063 0.88885957 3
    endloop
endfacet
facet normal -0.88191879 -0.47140113 -0
    outer loop
        vertex 50.15224 1.2346332 3
        vertex 50.15224 1.2346332 0
        vertex 50.337063 0.88885957 3
    endloop
endfacet
facet normal -0.99518484 -0.09801671 0
    outer loop
        vertex 50 2 0
        vertex 50.03843 1.6098194 3
        vertex 50 2 3
    endloop
endfacet
facet normal -0.99518484 -0.09801671 0
    outer loop
        vertex 50 2 0
        vertex 50.03843 1.6098194 0
        vertex 50.03843 1.6098194 3
    endloop
endfacet
facet normal -0.95694035 -0.29028469 -0
    outer loop
        vertex 50.03843 1.6098194 3
        vertex 50.03843 1.6098194 0
        vertex 50.15224 1.2346332 3
    endloop
endfacet
facet normal -0.95694035 -0.29028469 -0
    outer loop
        vertex 50.15224 1.2346332 3
        vertex 50.03843 1.6098194 0
        vertex 50.15224 1.2346332 0
    endloop
endfacet
facet normal -0.77301031 -0.63439357 -0
    outer loop
        vertex 50.337063 0.88885957 3
        vertex 50.337063 0.88885957 0
        vertex 50.58579 0.5857864 3
    endloop
endfacet
facet normal -0.09801668 -0.99518472 0
    outer loop
        vertex 51.609818 0.03842944 3
        vertex 52 -0 0
        vertex 52 -0 3
    endloop
endfacet
facet normal -0.29028687 -0.95693964 0
    outer loop
        vertex 51.609818 0.03842944 3
        vertex 51.234634 0.15224093 3
        vertex 51.234634 0.15224093 0
    endloop
endfacet
facet normal -0.09801668 -0.99518472 -0
    outer loop
        vertex 51.609818 0.03842944 3
        vertex 51.609818 0.03842944 0
        vertex 52 -0 0
    endloop
endfacet
facet normal -0.63439697 -0.77300739 -0
    outer loop
        vertex 50.88886 0.33706078 3
        vertex 50.58579 0.5857864 0
        vertex 50.88886 0.33706078 0
    endloop
endfacet
facet normal 0.99518478 0.09801622 0
    outer loop
        vertex 60 80 3
        vertex 60.096073 79.02454 3
        vertex 60 80 -0.001
    endloop
endfacet
facet normal 0.99518478 0.09801622 0
    outer loop
        vertex 60.096073 79.02454 3
        vertex 60.096073 79.02454 -0.001
        vertex 60 80 -0.001
    endloop
endfacet
facet normal 0.9569391 0.29028866 0
    outer loop
        vertex 60.380604 78.086586 3
        vertex 60.096073 79.02454 -0.001
        vertex 60.096073 79.02454 3
    endloop
endfacet
facet normal 0.9569391 0.29028866 -0
    outer loop
        vertex 60.380604 78.086586 -0.001
        vertex 60.096073 79.02454 -0.001
        vertex 60.380604 78.086586 3
    endloop
endfacet
facet normal 0.88192362 0.47139221 -0
    outer loop
        vertex 60.380604 78.086586 -0.001
        vertex 60.380604 78.086586 3
        vertex 60.84265 77.222145 3
    endloop
endfacet
facet normal 0.88192362 0.47139221 0
    outer loop
        vertex 60.380604 78.086586 -0.001
        vertex 60.84265 77.222145 3
        vertex 60.84265 77.222145 -0.001
    endloop
endfacet
facet normal 0.77300704 0.63439739 0
    outer loop
        vertex 60.84265 77.222145 3
        vertex 61.464466 76.46447 3
        vertex 60.84265 77.222145 -0.001
    endloop
endfacet
facet normal 0.77300704 0.63439739 0
    outer loop
        vertex 61.464466 76.46447 3
        vertex 61.464466 76.46447 -0.001
        vertex 60.84265 77.222145 -0.001
    endloop
endfacet
facet normal 0.63439775 0.77300674 0
    outer loop
        vertex 62 76.02496 3
        vertex 61.464466 76.46447 -0.001
        vertex 61.464466 76.46447 3
    endloop
endfacet
facet normal 0.6343959 0.77300829 0.00000055
    outer loop
        vertex 62.22215 75.84265 -0.001
        vertex 61.464466 76.46447 -0.001
        vertex 62 76.02496 3
    endloop
endfacet
facet normal 0.63439143 0.77301198 -0
    outer loop
        vertex 62.22215 75.84265 -0.001
        vertex 62 76.02496 3
        vertex 62.22215 75.84265 3
    endloop
endfacet
facet normal 0.47139686 0.88192123 -0
    outer loop
        vertex 62.22215 75.84265 -0.001
        vertex 62.22215 75.84265 3
        vertex 63.086586 75.3806 3
    endloop
endfacet
facet normal 0.47139686 0.88192123 0
    outer loop
        vertex 62.22215 75.84265 -0.001
        vertex 63.086586 75.3806 3
        vertex 63.086586 75.3806 -0.001
    endloop
endfacet
facet normal 0.29028866 0.9569391 0
    outer loop
        vertex 63.086586 75.3806 3
        vertex 64.02454 75.09607 3
        vertex 63.086586 75.3806 -0.001
    endloop
endfacet
facet normal 0.29028866 0.9569391 0
    outer loop
        vertex 64.02454 75.09607 3
        vertex 64.02454 75.09607 -0.001
        vertex 63.086586 75.3806 -0.001
    endloop
endfacet
facet normal 0.09801237 0.99518514 0
    outer loop
        vertex 65 75 3
        vertex 64.02454 75.09607 -0.001
        vertex 64.02454 75.09607 3
    endloop
endfacet
facet normal 0.09801237 0.99518514 -0
    outer loop
        vertex 65 75 -0.001
        vertex 64.02454 75.09607 -0.001
        vertex 65 75 3
    endloop
endfacet
facet normal -0.47140172 0.88191861 0
    outer loop
        vertex 66.91342 75.3806 3
        vertex 67.77785 75.84265 3
        vertex 66.91342 75.3806 -0.001
    endloop
endfacet
facet normal -0.47140172 0.88191861 0
    outer loop
        vertex 66.91342 75.3806 -0.001
        vertex 67.77785 75.84265 3
        vertex 67.77785 75.84265 -0.001
    endloop
endfacet
facet normal -0.99518436 0.09802008 0
    outer loop
        vertex 70 80 -0.001
        vertex 69.90392 79.02454 -0.001
        vertex 70 80 3
    endloop
endfacet
facet normal -0.99518436 0.09802008 0
    outer loop
        vertex 69.90392 79.02454 -0.001
        vertex 69.90392 79.02454 3
        vertex 70 80 3
    endloop
endfacet
facet normal -0.9569391 0.29028866 0
    outer loop
        vertex 69.61939 78.086586 -0.001
        vertex 69.90392 79.02454 3
        vertex 69.90392 79.02454 -0.001
    endloop
endfacet
facet normal -0.9569391 0.29028866 0
    outer loop
        vertex 69.61939 78.086586 3
        vertex 69.90392 79.02454 3
        vertex 69.61939 78.086586 -0.001
    endloop
endfacet
facet normal -0.88192534 0.4713892 0
    outer loop
        vertex 69.61939 78.086586 3
        vertex 69.61939 78.086586 -0.001
        vertex 69.15735 77.222145 -0.001
    endloop
endfacet
facet normal -0.88192534 0.4713892 0
    outer loop
        vertex 69.61939 78.086586 3
        vertex 69.15735 77.222145 -0.001
        vertex 69.15735 77.222145 3
    endloop
endfacet
facet normal -0.77300888 0.63439506 0
    outer loop
        vertex 69.15735 77.222145 -0.001
        vertex 68.53554 76.46447 -0.001
        vertex 69.15735 77.222145 3
    endloop
endfacet
facet normal -0.77300888 0.63439506 0
    outer loop
        vertex 68.53554 76.46447 -0.001
        vertex 68.53554 76.46447 3
        vertex 69.15735 77.222145 3
    endloop
endfacet
facet normal -0.63439506 0.77300894 0
    outer loop
        vertex 68 76.02496 3
        vertex 68.53554 76.46447 3
        vertex 68.53554 76.46447 -0.001
    endloop
endfacet
facet normal -0.63439214 0.77301145 0.00000089
    outer loop
        vertex 68 76.02496 3
        vertex 68.53554 76.46447 -0.001
        vertex 67.77785 75.84265 -0.001
    endloop
endfacet
facet normal -0.63438493 0.77301729 0
    outer loop
        vertex 68 76.02496 3
        vertex 67.77785 75.84265 -0.001
        vertex 67.77785 75.84265 3
    endloop
endfacet
facet normal -0.29028434 0.95694047 0
    outer loop
        vertex 66.91342 75.3806 -0.001
        vertex 65.97545 75.09607 -0.001
        vertex 66.91342 75.3806 3
    endloop
endfacet
facet normal -0.29028434 0.95694047 0
    outer loop
        vertex 65.97545 75.09607 -0.001
        vertex 65.97545 75.09607 3
        vertex 66.91342 75.3806 3
    endloop
endfacet
facet normal -0.09801313 0.99518514 0
    outer loop
        vertex 65 75 -0.001
        vertex 65.97545 75.09607 3
        vertex 65.97545 75.09607 -0.001
    endloop
endfacet
facet normal -0.09801313 0.99518514 0
    outer loop
        vertex 65 75 3
        vertex 65.97545 75.09607 3
        vertex 65 75 -0.001
    endloop
endfacet
facet normal 0 0 1
    outer loop
        vertex 69.61939 78.086586 -0.001
        vertex 69.90392 79.02454 -0.001
        vertex 70 80 -0.001
    endloop
endfacet
facet normal 0 0 1
    outer loop
        vertex 69.15735 77.222145 -0.001
        vertex 69.61939 78.086586 -0.001
        vertex 70 80 -0.001
    endloop
endfacet
facet normal 0 0 1
    outer loop
        vertex 68.53554 76.46447 -0.001
        vertex 69.15735 77.222145 -0.001
        vertex 70 80 -0.001
    endloop
endfacet
facet normal 0 0 0.99999994
    outer loop
        vertex 67.77785 75.84265 -0.001
        vertex 68.53554 76.46447 -0.001
        vertex 70 80 -0.001
    endloop
endfacet
facet normal 0 -0 0.99999994
    outer loop
        vertex 66.91342 75.3806 -0.001
        vertex 70 80 -0.001
        vertex 65.97545 75.09607 -0.001
    endloop
endfacet
facet normal 0 0 1
    outer loop
        vertex 66.91342 75.3806 -0.001
        vertex 67.77785 75.84265 -0.001
        vertex 70 80 -0.001
    endloop
endfacet
facet normal 0 -0 0.99999994
    outer loop
        vertex 65.97545 75.09607 -0.001
        vertex 70 80 -0.001
        vertex 65 75 -0.001
    endloop
endfacet
facet normal 0 -0 1
    outer loop
        vertex 65 75 -0.001
        vertex 70 80 -0.001
        vertex 64.02454 75.09607 -0.001
    endloop
endfacet
facet normal 0 0 1
    outer loop
        vertex 70 80 -0.001
        vertex 63.086586 75.3806 -0.001
        vertex 64.02454 75.09607 -0.001
    endloop
endfacet
facet normal 0 0 0.99999994
    outer loop
        vertex 70 80 -0.001
        vertex 62.22215 75.84265 -0.001
        vertex 63.086586 75.3806 -0.001
    endloop
endfacet
facet normal 0 0 0.99999994
    outer loop
        vertex 70 80 -0.001
        vertex 61.464466 76.46447 -0.001
        vertex 62.22215 75.84265 -0.001
    endloop
endfacet
facet normal -0 0 1
    outer loop
        vertex 60.380604 78.086586 -0.001
        vertex 60.84265 77.222145 -0.001
        vertex 70 80 -0.001
    endloop
endfacet
facet normal 0 0 0.99999994
    outer loop
        vertex 70 80 -0.001
        vertex 60.84265 77.222145 -0.001
        vertex 61.464466 76.46447 -0.001
    endloop
endfacet
facet normal 0 -0 1
    outer loop
        vertex 60.096073 79.02454 -0.001
        vertex 70 80 -0.001
        vertex 60 80 -0.001
    endloop
endfacet
facet normal 0 0 1
    outer loop
        vertex 60 80 -0.001
        vertex 70 80 -0.001
        vertex 60.096073 80.97545 -0.001
    endloop
endfacet
facet normal 0 0 1
    outer loop
        vertex 70 80 -0.001
        vertex 60.380604 81.91342 -0.001
        vertex 60.096073 80.97545 -0.001
    endloop
endfacet
facet normal 0 0 1
    outer loop
        vertex 70 80 -0.001
        vertex 60.84265 82.77785 -0.001
        vertex 60.380604 81.91342 -0.001
    endloop
endfacet
facet normal 0 0 1
    outer loop
        vertex 70 80 -0.001
        vertex 61.464466 83.53554 -0.001
        vertex 60.84265 82.77785 -0.001
    endloop
endfacet
facet normal 0 0 0.99999994
    outer loop
        vertex 63.086586 84.61939 -0.001
        vertex 62.22215 84.15735 -0.001
        vertex 70 80 -0.001
    endloop
endfacet
facet normal 0 0 1
    outer loop
        vertex 70 80 -0.001
        vertex 62.22215 84.15735 -0.001
        vertex 61.464466 83.53554 -0.001
    endloop
endfacet
facet normal 0 0 1
    outer loop
        vertex 64.02454 84.90392 -0.001
        vertex 63.086586 84.61939 -0.001
        vertex 70 80 -0.001
    endloop
endfacet
facet normal 0 0 1
    outer loop
        vertex 65 85 -0.001
        vertex 64.02454 84.90392 -0.001
        vertex 70 80 -0.001
    endloop
endfacet
facet normal 0 0 1
    outer loop
        vertex 65 85 -0.001
        vertex 70 80 -0.001
        vertex 65.97545 84.90392 -0.001
    endloop
endfacet
facet normal 0 0 1
    outer loop
        vertex 65.97545 84.90392 -0.001
        vertex 70 80 -0.001
        vertex 66.91342 84.61939 -0.001
    endloop
endfacet
facet normal 0 0 1
    outer loop
        vertex 66.91342 84.61939 -0.001
        vertex 70 80 -0.001
        vertex 67.77785 84.15735 -0.001
    endloop
endfacet
facet normal 0 0 1
    outer loop
        vertex 70 80 -0.001
        vertex 69.15735 82.77785 -0.001
        vertex 68.53554 83.53554 -0.001
    endloop
endfacet
facet normal 0 0 1
    outer loop
        vertex 67.77785 84.15735 -0.001
        vertex 70 80 -0.001
        vertex 68.53554 83.53554 -0.001
    endloop
endfacet
facet normal 0 0 1
    outer loop
        vertex 70 80 -0.001
        vertex 69.61939 81.91342 -0.001
        vertex 69.15735 82.77785 -0.001
    endloop
endfacet
facet normal 0 0 1
    outer loop
        vertex 70 80 -0.001
        vertex 69.90392 80.97545 -0.001
        vertex 69.61939 81.91342 -0.001
    endloop
endfacet
facet normal -0 0 0.99999994
    outer loop
        vertex 60.096073 79.02454 -0.001
        vertex 60.380604 78.086586 -0.001
        vertex 70 80 -0.001
    endloop
endfacet
facet normal -0 0.99999994 0
    outer loop
        vertex 60 2 3
        vertex 65 2 3
        vertex 60 2 1.9990001
    endloop
endfacet
facet normal 0 0.99999994 0
    outer loop
        vertex 65 2 3
        vertex 70 2 1.9990001
        vertex 60 2 1.9990001
    endloop
endfacet
facet normal 0 0.99999994 0
    outer loop
        vertex 70 2 3
        vertex 70 2 1.9990001
        vertex 65 2 3
    endloop
endfacet
facet normal -1 0 0
    outer loop
        vertex 70 2 3
        vertex 70 4 3
        vertex 70 2 1.9990001
    endloop
endfacet
facet normal -1 0 -0
    outer loop
        vertex 70 4 3
        vertex 70 4 1.9990001
        vertex 70 2 1.9990001
    endloop
endfacet
facet normal -0 -0.99999994 -0
    outer loop
        vertex 70 4 3
        vertex 65 4 3
        vertex 70 4 1.9990001
    endloop
endfacet
facet normal 0 -0.99999994 -0
    outer loop
        vertex 65 4 3
        vertex 60 4 1.9990001
        vertex 70 4 1.9990001
    endloop
endfacet
facet normal 0 -0.99999994 0
    outer loop
        vertex 60 4 3
        vertex 60 4 1.9990001
        vertex 65 4 3
    endloop
endfacet
facet normal 1 0 0
    outer loop
        vertex 60 4 3
        vertex 60 2 3
        vertex 60 4 1.9990001
    endloop
endfacet
facet normal 1 0 0
    outer loop
        vertex 60 2 3
        vertex 60 2 1.9990001
        vertex 60 4 1.9990001
    endloop
endfacet
facet normal -0 0 1
    outer loop
        vertex 60 4 1.9990001
        vertex 60 2 1.9990001
        vertex 70 4 1.9990001
    endloop
endfacet
facet normal 0 0 1
    outer loop
        vertex 70 4 1.9990001
        vertex 60 2 1.9990001
        vertex 70 2 1.9990001
    endloop
endfacet
facet normal 0.99518478 0.0980167 0
    outer loop
        vertex 62 10 3
        vertex 62.057644 9.414729 3
        vertex 62 10 0
    endloop
endfacet
facet normal 0.99518478 0.0980167 0
    outer loop
        vertex 62.057644 9.414729 3
        vertex 62.057644 9.414729 0
        vertex 62 10 0
    endloop
endfacet
facet normal 0.95693946 0.29028761 0
    outer loop
        vertex 62.228363 8.85195 3
        vertex 62.057644 9.414729 0
        vertex 62.057644 9.414729 3
    endloop
endfacet
facet normal 0.95693946 0.29028761 -0
    outer loop
        vertex 62.228363 8.85195 0
        vertex 62.057644 9.414729 0
        vertex 62.228363 8.85195 3
    endloop
endfacet
facet normal 0.88192427 0.47139096 -0
    outer loop
        vertex 62.228363 8.85195 0
        vertex 62.228363 8.85195 3
        vertex 62.50559 8.333289 3
    endloop
endfacet
facet normal 0.88192427 0.47139096 0
    outer loop
        vertex 62.228363 8.85195 0
        vertex 62.50559 8.333289 3
        vertex 62.50559 8.333289 0
    endloop
endfacet
facet normal 0.77300364 0.63440162 0
    outer loop
        vertex 62.50559 8.333289 3
        vertex 62.878685 7.8786798 3
        vertex 62.50559 8.333289 0
    endloop
endfacet
facet normal 0.77300364 0.63440162 0
    outer loop
        vertex 62.878685 7.8786798 3
        vertex 62.878685 7.8786798 0
        vertex 62.50559 8.333289 0
    endloop
endfacet
facet normal 0.63440061 0.77300441 0
    outer loop
        vertex 63.333286 7.505591 3
        vertex 62.878685 7.8786798 0
        vertex 62.878685 7.8786798 3
    endloop
endfacet
facet normal 0.63440061 0.77300441 -0
    outer loop
        vertex 63.333286 7.505591 0
        vertex 62.878685 7.8786798 0
        vertex 63.333286 7.505591 3
    endloop
endfacet
facet normal 0.47139269 0.8819235 -0
    outer loop
        vertex 63.333286 7.505591 0
        vertex 63.333286 7.505591 3
        vertex 63.85195 7.2283616 3
    endloop
endfacet
facet normal 0.47139269 0.8819235 0
    outer loop
        vertex 63.333286 7.505591 0
        vertex 63.85195 7.2283616 3
        vertex 63.85195 7.2283616 0
    endloop
endfacet
facet normal 0.29028401 0.95694053 0
    outer loop
        vertex 63.85195 7.2283616 3
        vertex 64.414734 7.057644 3
        vertex 63.85195 7.2283616 0
    endloop
endfacet
facet normal 0.29028401 0.95694053 0
    outer loop
        vertex 64.414734 7.057644 3
        vertex 64.414734 7.057644 0
        vertex 63.85195 7.2283616 0
    endloop
endfacet
facet normal 0.0980175 0.99518472 0
    outer loop
        vertex 65 7 3
        vertex 64.414734 7.057644 0
        vertex 64.414734 7.057644 3
    endloop
endfacet
facet normal -0.29028764 0.95693952 0
    outer loop
        vertex 65.58527 7.057644 0
        vertex 66.14805 7.2283616 3
        vertex 66.14805 7.2283616 0
    endloop
endfacet
facet normal -0.47139537 0.88192201 0
    outer loop
        vertex 66.14805 7.2283616 0
        vertex 66.14805 7.2283616 3
        vertex 66.66671 7.505591 3
    endloop
endfacet
facet normal -0.99518538 0.09801028 0
    outer loop
        vertex 68 10 0
        vertex 67.94236 9.414729 0
        vertex 68 10 3
    endloop
endfacet
facet normal -0.99518538 0.09801028 0
    outer loop
        vertex 67.94236 9.414729 0
        vertex 67.94236 9.414729 3
        vertex 68 10 3
    endloop
endfacet
facet normal -0.95693767 0.29029354 0
    outer loop
        vertex 67.77164 8.85195 0
        vertex 67.94236 9.414729 3
        vertex 67.94236 9.414729 0
    endloop
endfacet
facet normal -0.95693767 0.29029354 0
    outer loop
        vertex 67.77164 8.85195 3
        vertex 67.94236 9.414729 3
        vertex 67.77164 8.85195 0
    endloop
endfacet
facet normal -0.88192165 0.47139606 0
    outer loop
        vertex 67.77164 8.85195 3
        vertex 67.77164 8.85195 0
        vertex 67.49441 8.333289 0
    endloop
endfacet
facet normal -0.88192165 0.47139606 0
    outer loop
        vertex 67.77164 8.85195 3
        vertex 67.49441 8.333289 0
        vertex 67.49441 8.333289 3
    endloop
endfacet
facet normal -0.77301317 0.63439 0
    outer loop
        vertex 67.49441 8.333289 0
        vertex 67.12132 7.8786798 0
        vertex 67.49441 8.333289 3
    endloop
endfacet
facet normal -0.77301317 0.63439 0
    outer loop
        vertex 67.12132 7.8786798 0
        vertex 67.12132 7.8786798 3
        vertex 67.49441 8.333289 3
    endloop
endfacet
facet normal -0.63439107 0.77301228 0
    outer loop
        vertex 66.66671 7.505591 0
        vertex 67.12132 7.8786798 3
        vertex 67.12132 7.8786798 0
    endloop
endfacet
facet normal -0.63439107 0.77301228 0
    outer loop
        vertex 66.66671 7.505591 3
        vertex 67.12132 7.8786798 3
        vertex 66.66671 7.505591 0
    endloop
endfacet
facet normal -0.47139537 0.88192201 0
    outer loop
        vertex 66.66671 7.505591 3
        vertex 66.66671 7.505591 0
        vertex 66.14805 7.2283616 0
    endloop
endfacet
facet normal -0.29028764 0.95693952 0
    outer loop
        vertex 66.14805 7.2283616 3
        vertex 65.58527 7.057644 0
        vertex 65.58527 7.057644 3
    endloop
endfacet
facet normal -0.09801622 0.99518484 0
    outer loop
        vertex 65.58527 7.057644 0
        vertex 65 7 0
        vertex 65.58527 7.057644 3
    endloop
endfacet
facet normal -0.09801622 0.99518484 0
    outer loop
        vertex 65 7 0
        vertex 65 7 3
        vertex 65.58527 7.057644 3
    endloop
endfacet
facet normal 0.0980175 0.99518472 0
    outer loop
        vertex 64.414734 7.057644 0
        vertex 65 7 3
        vertex 65 7 0
    endloop
endfacet
facet normal 0.99518472 0.0980175 0
    outer loop
        vertex 62 150 3
        vertex 62.057644 149.41473 3
        vertex 62 150 0
    endloop
endfacet
facet normal 0.99518472 0.0980175 0
    outer loop
        vertex 62.057644 149.41473 3
        vertex 62.057644 149.41473 0
        vertex 62 150 0
    endloop
endfacet
facet normal 0.95694101 0.29028267 0
    outer loop
        vertex 62.228363 148.85194 3
        vertex 62.057644 149.41473 0
        vertex 62.057644 149.41473 3
    endloop
endfacet
facet normal 0.95694101 0.29028267 -0
    outer loop
        vertex 62.228363 148.85194 0
        vertex 62.057644 149.41473 0
        vertex 62.228363 148.85194 3
    endloop
endfacet
facet normal 0.88191897 0.47140113 -0
    outer loop
        vertex 62.228363 148.85194 0
        vertex 62.228363 148.85194 3
        vertex 62.50559 148.3333 3
    endloop
endfacet
facet normal 0.88191897 0.47140113 0
    outer loop
        vertex 62.228363 148.85194 0
        vertex 62.50559 148.3333 3
        vertex 62.50559 148.3333 0
    endloop
endfacet
facet normal 0.77301109 0.63439244 0
    outer loop
        vertex 62.50559 148.3333 3
        vertex 62.878685 147.87868 3
        vertex 62.50559 148.3333 0
    endloop
endfacet
facet normal 0.77301109 0.63439244 0
    outer loop
        vertex 62.878685 147.87868 3
        vertex 62.878685 147.87868 0
        vertex 62.50559 148.3333 0
    endloop
endfacet
facet normal 0.63438892 0.77301395 0
    outer loop
        vertex 63.333286 147.5056 3
        vertex 62.878685 147.87868 0
        vertex 62.878685 147.87868 3
    endloop
endfacet
facet normal 0.63438892 0.77301395 -0
    outer loop
        vertex 63.333286 147.5056 0
        vertex 62.878685 147.87868 0
        vertex 63.333286 147.5056 3
    endloop
endfacet
facet normal 0.47140273 0.88191801 -0
    outer loop
        vertex 63.333286 147.5056 0
        vertex 63.333286 147.5056 3
        vertex 63.85195 147.22836 3
    endloop
endfacet
facet normal 0.47140273 0.88191801 0
    outer loop
        vertex 63.333286 147.5056 0
        vertex 63.85195 147.22836 3
        vertex 63.85195 147.22836 0
    endloop
endfacet
facet normal 0.29030406 0.95693445 0
    outer loop
        vertex 63.85195 147.22836 3
        vertex 64.414734 147.05763 3
        vertex 63.85195 147.22836 0
    endloop
endfacet
facet normal 0.29030406 0.95693445 0
    outer loop
        vertex 64.414734 147.05763 3
        vertex 64.414734 147.05763 0
        vertex 63.85195 147.22836 0
    endloop
endfacet
facet normal 0.09799822 0.99518663 0
    outer loop
        vertex 65 147 3
        vertex 64.414734 147.05763 0
        vertex 64.414734 147.05763 3
    endloop
endfacet
facet normal -0.29030767 0.95693338 0
    outer loop
        vertex 65.58527 147.05763 0
        vertex 66.14805 147.22836 3
        vertex 66.14805 147.22836 0
    endloop
endfacet
facet normal -0.47140545 0.88191664 0
    outer loop
        vertex 66.14805 147.22836 0
        vertex 66.14805 147.22836 3
        vertex 66.66671 147.5056 3
    endloop
endfacet
facet normal -0.99518532 0.09801107 0
    outer loop
        vertex 68 150 0
        vertex 67.94236 149.41473 0
        vertex 68 150 3
    endloop
endfacet
facet normal -0.99518532 0.09801107 0
    outer loop
        vertex 67.94236 149.41473 0
        vertex 67.94236 149.41473 3
        vertex 68 150 3
    endloop
endfacet
facet normal -0.95693916 0.2902886 0
    outer loop
        vertex 67.77164 148.85194 0
        vertex 67.94236 149.41473 3
        vertex 67.94236 149.41473 0
    endloop
endfacet
facet normal -0.95693916 0.2902886 0
    outer loop
        vertex 67.77164 148.85194 3
        vertex 67.94236 149.41473 3
        vertex 67.77164 148.85194 0
    endloop
endfacet
facet normal -0.88191628 0.47140616 0
    outer loop
        vertex 67.77164 148.85194 3
        vertex 67.77164 148.85194 0
        vertex 67.49441 148.3333 0
    endloop
endfacet
facet normal -0.88191628 0.47140616 0
    outer loop
        vertex 67.77164 148.85194 3
        vertex 67.49441 148.3333 0
        vertex 67.49441 148.3333 3
    endloop
endfacet
facet normal -0.77302068 0.63438082 0
    outer loop
        vertex 67.49441 148.3333 0
        vertex 67.12132 147.87868 0
        vertex 67.49441 148.3333 3
    endloop
endfacet
facet normal -0.77302068 0.63438082 0
    outer loop
        vertex 67.12132 147.87868 0
        vertex 67.12132 147.87868 3
        vertex 67.49441 148.3333 3
    endloop
endfacet
facet normal -0.63437945 0.77302188 0
    outer loop
        vertex 66.66671 147.5056 0
        vertex 67.12132 147.87868 3
        vertex 67.12132 147.87868 0
    endloop
endfacet
facet normal -0.63437945 0.77302188 0
    outer loop
        vertex 66.66671 147.5056 3
        vertex 67.12132 147.87868 3
        vertex 66.66671 147.5056 0
    endloop
endfacet
facet normal -0.47140545 0.88191664 0
    outer loop
        vertex 66.66671 147.5056 3
        vertex 66.66671 147.5056 0
        vertex 66.14805 147.22836 0
    endloop
endfacet
facet normal -0.29030767 0.95693338 0
    outer loop
        vertex 66.14805 147.22836 3
        vertex 65.58527 147.05763 0
        vertex 65.58527 147.05763 3
    endloop
endfacet
facet normal -0.09799696 0.99518669 0
    outer loop
        vertex 65.58527 147.05763 0
        vertex 65 147 0
        vertex 65.58527 147.05763 3
    endloop
endfacet
facet normal -0.09799696 0.99518669 0
    outer loop
        vertex 65 147 0
        vertex 65 147 3
        vertex 65.58527 147.05763 3
    endloop
endfacet
facet normal 0.09799822 0.99518663 0
    outer loop
        vertex 64.414734 147.05763 0
        vertex 65 147 3
        vertex 65 147 0
    endloop
endfacet
facet normal 0.98078573 0.19508824 0
    outer loop
        vertex 69.5 151 3
        vertex 69.61418 150.42596 3
        vertex 69.5 151 0
    endloop
endfacet
facet normal 0.98078573 0.19508824 0
    outer loop
        vertex 69.61418 150.42596 3
        vertex 69.61418 150.42596 0
        vertex 69.5 151 0
    endloop
endfacet
facet normal 0.83146214 0.55558127 0
    outer loop
        vertex 69.93934 149.93935 3
        vertex 69.61418 150.42596 0
        vertex 69.61418 150.42596 3
    endloop
endfacet
facet normal 0.83146214 0.55558127 -0
    outer loop
        vertex 69.93934 149.93935 0
        vertex 69.61418 150.42596 0
        vertex 69.93934 149.93935 3
    endloop
endfacet
facet normal 0.55557829 0.83146423 -0
    outer loop
        vertex 69.93934 149.93935 0
        vertex 69.93934 149.93935 3
        vertex 70.42597 149.61418 3
    endloop
endfacet
facet normal 0.55557829 0.83146423 0
    outer loop
        vertex 69.93934 149.93935 0
        vertex 70.42597 149.61418 3
        vertex 70.42597 149.61418 0
    endloop
endfacet
facet normal 0.19509073 0.98078519 0
    outer loop
        vertex 70.42597 149.61418 3
        vertex 71 149.5 3
        vertex 70.42597 149.61418 0
    endloop
endfacet
facet normal -0.98078573 0.19508824 0
    outer loop
        vertex 72.5 151 0
        vertex 72.38582 150.42596 0
        vertex 72.5 151 3
    endloop
endfacet
facet normal -0.98078573 0.19508824 0
    outer loop
        vertex 72.38582 150.42596 0
        vertex 72.38582 150.42596 3
        vertex 72.5 151 3
    endloop
endfacet
facet normal -0.83146214 0.55558127 0
    outer loop
        vertex 72.06066 149.93935 0
        vertex 72.38582 150.42596 3
        vertex 72.38582 150.42596 0
    endloop
endfacet
facet normal -0.83146214 0.55558127 0
    outer loop
        vertex 72.06066 149.93935 3
        vertex 72.38582 150.42596 3
        vertex 72.06066 149.93935 0
    endloop
endfacet
facet normal -0.55557829 0.83146423 0
    outer loop
        vertex 72.06066 149.93935 3
        vertex 72.06066 149.93935 0
        vertex 71.57403 149.61418 0
    endloop
endfacet
facet normal -0.55557829 0.83146423 0
    outer loop
        vertex 72.06066 149.93935 3
        vertex 71.57403 149.61418 0
        vertex 71.57403 149.61418 3
    endloop
endfacet
facet normal -0.19509073 0.98078519 0
    outer loop
        vertex 71.57403 149.61418 0
        vertex 71 149.5 0
        vertex 71.57403 149.61418 3
    endloop
endfacet
facet normal -0.19509073 0.98078519 0
    outer loop
        vertex 71 149.5 0
        vertex 71 149.5 3
        vertex 71.57403 149.61418 3
    endloop
endfacet
facet normal 0.19509073 0.98078519 -0
    outer loop
        vertex 71 149.5 0
        vertex 70.42597 149.61418 0
        vertex 71 149.5 3
    endloop
endfacet
facet normal 0.99518478 -0.09801698 0
    outer loop
        vertex 60 80 -0.001
        vertex 60.096073 80.97545 -0.001
        vertex 60 80 3
    endloop
endfacet
facet normal 0.99518478 -0.09801698 0
    outer loop
        vertex 60.096073 80.97545 -0.001
        vertex 60.096073 80.97545 3
        vertex 60 80 3
    endloop
endfacet
facet normal 0.95694047 -0.29028434 0
    outer loop
        vertex 60.380604 81.91342 -0.001
        vertex 60.096073 80.97545 3
        vertex 60.096073 80.97545 -0.001
    endloop
endfacet
facet normal 0.95694047 -0.29028434 0
    outer loop
        vertex 60.380604 81.91342 3
        vertex 60.096073 80.97545 3
        vertex 60.380604 81.91342 -0.001
    endloop
endfacet
facet normal 0.88192028 -0.47139874 0
    outer loop
        vertex 60.380604 81.91342 3
        vertex 60.380604 81.91342 -0.001
        vertex 60.84265 82.77785 -0.001
    endloop
endfacet
facet normal 0.88192028 -0.47139874 0
    outer loop
        vertex 60.380604 81.91342 3
        vertex 60.84265 82.77785 -0.001
        vertex 60.84265 82.77785 3
    endloop
endfacet
facet normal 0.77301335 -0.63438982 0
    outer loop
        vertex 60.84265 82.77785 -0.001
        vertex 61.464466 83.53554 -0.001
        vertex 60.84265 82.77785 3
    endloop
endfacet
facet normal 0.77301335 -0.63438982 0
    outer loop
        vertex 61.464466 83.53554 -0.001
        vertex 61.464466 83.53554 3
        vertex 60.84265 82.77785 3
    endloop
endfacet
facet normal 0.63438457 -0.77301753 0
    outer loop
        vertex 62 83.97503 3
        vertex 61.464466 83.53554 3
        vertex 61.464466 83.53554 -0.001
    endloop
endfacet
facet normal 0.63439131 -0.77301216 -0.00000199
    outer loop
        vertex 62 83.97503 3
        vertex 61.464466 83.53554 -0.001
        vertex 62.22215 84.15735 -0.001
    endloop
endfacet
facet normal 0.63440734 -0.77299893 0
    outer loop
        vertex 62 83.97503 3
        vertex 62.22215 84.15735 -0.001
        vertex 62.22215 84.15735 3
    endloop
endfacet
facet normal 0.47139078 -0.88192439 0
    outer loop
        vertex 62.22215 84.15735 -0.001
        vertex 63.086586 84.61939 -0.001
        vertex 62.22215 84.15735 3
    endloop
endfacet
facet normal 0.47139078 -0.88192439 0
    outer loop
        vertex 63.086586 84.61939 -0.001
        vertex 63.086586 84.61939 3
        vertex 62.22215 84.15735 3
    endloop
endfacet
facet normal 0.29028866 -0.9569391 0
    outer loop
        vertex 64.02454 84.90392 -0.001
        vertex 63.086586 84.61939 3
        vertex 63.086586 84.61939 -0.001
    endloop
endfacet
facet normal 0.29028866 -0.9569391 0
    outer loop
        vertex 64.02454 84.90392 3
        vertex 63.086586 84.61939 3
        vertex 64.02454 84.90392 -0.001
    endloop
endfacet
facet normal -0.29028434 -0.95694047 0
    outer loop
        vertex 65.97545 84.90392 3
        vertex 66.91342 84.61939 -0.001
        vertex 66.91342 84.61939 3
    endloop
endfacet
facet normal -0.47139567 -0.88192183 -0
    outer loop
        vertex 66.91342 84.61939 3
        vertex 66.91342 84.61939 -0.001
        vertex 67.77785 84.15735 -0.001
    endloop
endfacet
facet normal -0.99518436 -0.09802084 -0
    outer loop
        vertex 70 80 3
        vertex 69.90392 80.97545 3
        vertex 70 80 -0.001
    endloop
endfacet
facet normal -0.99518436 -0.09802084 -0
    outer loop
        vertex 69.90392 80.97545 3
        vertex 69.90392 80.97545 -0.001
        vertex 70 80 -0.001
    endloop
endfacet
facet normal -0.95694047 -0.29028434 0
    outer loop
        vertex 69.61939 81.91342 3
        vertex 69.90392 80.97545 -0.001
        vertex 69.90392 80.97545 3
    endloop
endfacet
facet normal -0.95694047 -0.29028434 0
    outer loop
        vertex 69.61939 81.91342 -0.001
        vertex 69.90392 80.97545 -0.001
        vertex 69.61939 81.91342 3
    endloop
endfacet
facet normal -0.88192183 -0.47139567 0
    outer loop
        vertex 69.61939 81.91342 -0.001
        vertex 69.61939 81.91342 3
        vertex 69.15735 82.77785 3
    endloop
endfacet
facet normal -0.88192183 -0.47139567 0
    outer loop
        vertex 69.61939 81.91342 -0.001
        vertex 69.15735 82.77785 3
        vertex 69.15735 82.77785 -0.001
    endloop
endfacet
facet normal -0.7730152 -0.63438743 -0
    outer loop
        vertex 69.15735 82.77785 3
        vertex 68.53554 83.53554 3
        vertex 69.15735 82.77785 -0.001
    endloop
endfacet
facet normal -0.7730152 -0.63438743 -0
    outer loop
        vertex 68.53554 83.53554 3
        vertex 68.53554 83.53554 -0.001
        vertex 69.15735 82.77785 -0.001
    endloop
endfacet
facet normal -0.63438189 -0.77301979 0
    outer loop
        vertex 68 83.97503 3
        vertex 68.53554 83.53554 -0.001
        vertex 68.53554 83.53554 3
    endloop
endfacet
facet normal -0.63438743 -0.7730152 -0.00000165
    outer loop
        vertex 67.77785 84.15735 -0.001
        vertex 68.53554 83.53554 -0.001
        vertex 68 83.97503 3
    endloop
endfacet
facet normal -0.63440084 -0.77300423 0
    outer loop
        vertex 67.77785 84.15735 -0.001
        vertex 68 83.97503 3
        vertex 67.77785 84.15735 3
    endloop
endfacet
facet normal -0.47139567 -0.88192183 0
    outer loop
        vertex 67.77785 84.15735 -0.001
        vertex 67.77785 84.15735 3
        vertex 66.91342 84.61939 3
    endloop
endfacet
facet normal -0.29028434 -0.95694047 0
    outer loop
        vertex 66.91342 84.61939 -0.001
        vertex 65.97545 84.90392 3
        vertex 65.97545 84.90392 -0.001
    endloop
endfacet
facet normal -0.09802084 -0.99518436 -0
    outer loop
        vertex 65.97545 84.90392 3
        vertex 65 85 3
        vertex 65.97545 84.90392 -0.001
    endloop
endfacet
facet normal -0.09802084 -0.99518436 -0
    outer loop
        vertex 65 85 3
        vertex 65 85 -0.001
        vertex 65.97545 84.90392 -0.001
    endloop
endfacet
facet normal 0.09802008 -0.99518436 0
    outer loop
        vertex 64.02454 84.90392 3
        vertex 65 85 -0.001
        vertex 65 85 3
    endloop
endfacet
facet normal 0.09802008 -0.99518436 0
    outer loop
        vertex 64.02454 84.90392 -0.001
        vertex 65 85 -0.001
        vertex 64.02454 84.90392 3
    endloop
endfacet
facet normal 0 -0.99999994 0
    outer loop
        vertex 18.923141 -0 12.280362
        vertex 24 -0 23
        vertex 18.695518 -0 13.030734
    endloop
endfacet
facet normal 0 -1 0
    outer loop
        vertex 18.923141 -0 12.280362
        vertex 19 -0 11.5
        vertex 24 -0 23
    endloop
endfacet
facet normal 0 -1 0
    outer loop
        vertex 18.695518 -0 13.030734
        vertex 24 -0 23
        vertex 18.325878 -0 13.7222805
    endloop
endfacet
facet normal 0 -1 0
    outer loop
        vertex 18.325878 -0 13.7222805
        vertex 24 -0 23
        vertex 17.828426 -0 14.328426
    endloop
endfacet
facet normal 0 -1 0
    outer loop
        vertex 17.828426 -0 14.328426
        vertex 24 -0 23
        vertex 17.222282 -0 14.825879
    endloop
endfacet
facet normal 0 -1 0
    outer loop
        vertex 17.222282 -0 14.825879
        vertex 24 -0 23
        vertex 16.530733 -0 15.195518
    endloop
endfacet
facet normal 0 -1 0
    outer loop
        vertex 16.530733 -0 15.195518
        vertex 24 -0 23
        vertex 15.780361 -0 15.4231415
    endloop
endfacet
facet normal 0 -1 0
    outer loop
        vertex 15.780361 -0 15.4231415
        vertex 24 -0 23
        vertex 15 -0 15.5
    endloop
endfacet
facet normal 0 -1 0
    outer loop
        vertex 6 -0 23
        vertex 15 -0 15.5
        vertex 24 -0 23
    endloop
endfacet
facet normal 0 -1 0
    outer loop
        vertex 6 -0 23
        vertex 14.219639 -0 15.4231415
        vertex 15 -0 15.5
    endloop
endfacet
facet normal -0 -1 0
    outer loop
        vertex 12.777719 -0 14.825879
        vertex 6 -0 23
        vertex 12.171573 -0 14.328426
    endloop
endfacet
facet normal 0 -1 0
    outer loop
        vertex 12.777719 -0 14.825879
        vertex 13.469267 -0 15.195518
        vertex 6 -0 23
    endloop
endfacet
facet normal -0 -1 0
    outer loop
        vertex 12.171573 -0 14.328426
        vertex 6 -0 23
        vertex 11.674122 -0 13.7222805
    endloop
endfacet
facet normal -0 -1 0
    outer loop
        vertex 11.674122 -0 13.7222805
        vertex 6 -0 23
        vertex 11.3044815 -0 13.030734
    endloop
endfacet
facet normal -0 -1 0
    outer loop
        vertex 11.3044815 -0 13.030734
        vertex 6 -0 23
        vertex 11.076859 -0 12.280362
    endloop
endfacet
facet normal 0 -1 0
    outer loop
        vertex 6 -0 23
        vertex 13.469267 -0 15.195518
        vertex 14.219639 -0 15.4231415
    endloop
endfacet
facet normal 0 -1 0
    outer loop
        vertex 11 -0 11.5
        vertex 11.076859 -0 12.280362
        vertex 6 -0 23
    endloop
endfacet
facet normal 0 -0.99999994 0
    outer loop
        vertex 6 -0 0
        vertex 11 -0 11.5
        vertex 6 -0 23
    endloop
endfacet
facet normal 0 -1 -0
    outer loop
        vertex 11.3044815 -0 9.969266
        vertex 6 -0 0
        vertex 11.674122 -0 9.2777195
    endloop
endfacet
facet normal -0 -1 0
    outer loop
        vertex 11.3044815 -0 9.969266
        vertex 11.076859 -0 10.719638
        vertex 6 -0 0
    endloop
endfacet
facet normal 0 -1 -0
    outer loop
        vertex 11.674122 -0 9.2777195
        vertex 6 -0 0
        vertex 12.171573 -0 8.671573
    endloop
endfacet
facet normal 0 -1 -0
    outer loop
        vertex 12.171573 -0 8.671573
        vertex 6 -0 0
        vertex 12.777719 -0 8.174122
    endloop
endfacet
facet normal 0 -1 -0
    outer loop
        vertex 12.777719 -0 8.174122
        vertex 6 -0 0
        vertex 13.469267 -0 7.804482
    endloop
endfacet
facet normal 0 -1 -0
    outer loop
        vertex 13.469267 -0 7.804482
        vertex 6 -0 0
        vertex 14.219639 -0 7.576859
    endloop
endfacet
facet normal -0 -1 0
    outer loop
        vertex 15 -0 7.5
        vertex 14.219639 -0 7.576859
        vertex 6 -0 0
    endloop
endfacet
facet normal 0 -1 0
    outer loop
        vertex 24 -0 0
        vertex 15 -0 7.5
        vertex 6 -0 0
    endloop
endfacet
facet normal 0 -1 0
    outer loop
        vertex 24 -0 0
        vertex 15.780361 -0 7.576859
        vertex 15 -0 7.5
    endloop
endfacet
facet normal 0 -1 0
    outer loop
        vertex 17.222282 -0 8.174122
        vertex 24 -0 0
        vertex 17.828426 -0 8.671573
    endloop
endfacet
facet normal 0 -1 -0
    outer loop
        vertex 17.222282 -0 8.174122
        vertex 16.530733 -0 7.804482
        vertex 24 -0 0
    endloop
endfacet
facet normal 0 -1 0
    outer loop
        vertex 17.828426 -0 8.671573
        vertex 24 -0 0
        vertex 18.325878 -0 9.2777195
    endloop
endfacet
facet normal 0 -1 0
    outer loop
        vertex 18.325878 -0 9.2777195
        vertex 24 -0 0
        vertex 18.695518 -0 9.969266
    endloop
endfacet
facet normal 0 -0.99999994 0
    outer loop
        vertex 18.695518 -0 9.969266
        vertex 24 -0 0
        vertex 18.923141 -0 10.719638
    endloop
endfacet
facet normal 0 -1 0
    outer loop
        vertex 6 -0 0
        vertex 11.076859 -0 10.719638
        vertex 11 -0 11.5
    endloop
endfacet
facet normal 0 -0.99999994 0
    outer loop
        vertex 19 -0 11.5
        vertex 24 -0 0
        vertex 24 -0 23
    endloop
endfacet
facet normal 0 -1 -0
    outer loop
        vertex 19 -0 11.5
        vertex 18.923141 -0 10.719638
        vertex 24 -0 0
    endloop
endfacet
facet normal 0 -1 -0
    outer loop
        vertex 16.530733 -0 7.804482
        vertex 15.780361 -0 7.576859
        vertex 24 -0 0
    endloop
endfacet
facet normal 1 -0 0
    outer loop
        vertex 30 6 23
        vertex 30 6 0
        vertex 30 154 23
    endloop
endfacet
facet normal 1 0 0
    outer loop
        vertex 30 154 23
        vertex 30 6 0
        vertex 30 154 0
    endloop
endfacet
facet normal 0 1 0
    outer loop
        vertex 24 160 23
        vertex 24 160 0
        vertex 6 160 23
    endloop
endfacet
facet normal 0 1 0
    outer loop
        vertex 6 160 23
        vertex 24 160 0
        vertex 6 160 0
    endloop
endfacet
facet normal -1 0 0
    outer loop
        vertex 0.000000000000021316282 154 23
        vertex 0.000000000000021316282 154 0
        vertex 0.0000000000000008881784 6 23
    endloop
endfacet
facet normal -1 0 0
    outer loop
        vertex 0.0000000000000008881784 6 23
        vertex 0.000000000000021316282 154 0
        vertex 0.0000000000000008881784 6 0
    endloop
endfacet
facet normal -0 0 -1
    outer loop
        vertex 30 154 0
        vertex 0.0000000000000008881784 6 0
        vertex 0.000000000000021316282 154 0
    endloop
endfacet
facet normal 0 0 -1
    outer loop
        vertex 30 154 0
        vertex 0.000000000000021316282 154 0
        vertex 6 160 0
    endloop
endfacet
facet normal -0 0 -1
    outer loop
        vertex 0.000000000000021316282 154 0
        vertex 0.11528832 155.17055 0.0000000000000017347235
        vertex 6 160 0
    endloop
endfacet
facet normal -0 0 -1
    outer loop
        vertex 0.11528832 155.17055 0.0000000000000017347235
        vertex 0.4567228 156.2961 0.0000000000000017347235
        vertex 6 160 0
    endloop
endfacet
facet normal -0 0 -0.99999994
    outer loop
        vertex 0.4567228 156.2961 0.0000000000000017347235
        vertex 1.0111823 157.33342 0.0000000000000017347235
        vertex 6 160 0
    endloop
endfacet
facet normal -0 0 -1
    outer loop
        vertex 1.0111823 157.33342 0.0000000000000017347235
        vertex 1.7573594 158.24265 0.0000000000000017347235
        vertex 6 160 0
    endloop
endfacet
facet normal -0 0 -1
    outer loop
        vertex 6 160 0
        vertex 2.6665785 158.98882 0.0000000000000017347235
        vertex 3.7038994 159.54327 0.0000000000000017347235
    endloop
endfacet
facet normal -0 0 -1
    outer loop
        vertex 1.7573594 158.24265 0.0000000000000017347235
        vertex 2.6665785 158.98882 0.0000000000000017347235
        vertex 6 160 0
    endloop
endfacet
facet normal -0 0 -1
    outer loop
        vertex 6 160 0
        vertex 3.7038994 159.54327 0.0000000000000017347235
        vertex 4.8294578 159.8847 0.0000000000000017347235
    endloop
endfacet
facet normal -0 -0 -1
    outer loop
        vertex 24 160 0
        vertex 25.170542 159.8847 -0.0000000000000017347235
        vertex 30 154 0
    endloop
endfacet
facet normal -0 -0 -1
    outer loop
        vertex 25.170542 159.8847 -0.0000000000000017347235
        vertex 26.2961 159.54327 -0.0000000000000017347235
        vertex 30 154 0
    endloop
endfacet
facet normal -0 -0 -1
    outer loop
        vertex 26.2961 159.54327 -0.0000000000000017347235
        vertex 27.333422 158.98882 -0.0000000000000017347235
        vertex 30 154 0
    endloop
endfacet
facet normal -0 -0 -1
    outer loop
        vertex 30 154 0
        vertex 27.333422 158.98882 -0.0000000000000017347235
        vertex 28.24264 158.24265 -0.0000000000000017347235
    endloop
endfacet
facet normal -0 -0 -1
    outer loop
        vertex 29.543278 156.2961 -0.0000000000000017347235
        vertex 30 154 0
        vertex 28.988817 157.33342 -0.0000000000000017347235
    endloop
endfacet
facet normal -0 -0 -1
    outer loop
        vertex 30 154 0
        vertex 28.24264 158.24265 -0.0000000000000017347235
        vertex 28.988817 157.33342 -0.0000000000000017347235
    endloop
endfacet
facet normal -0 -0 -1
    outer loop
        vertex 29.88471 155.17055 -0.0000000000000017347235
        vertex 30 154 0
        vertex 29.543278 156.2961 -0.0000000000000017347235
    endloop
endfacet
facet normal 0 -0 -1
    outer loop
        vertex 30 154 0
        vertex 30 6 0
        vertex 0.0000000000000008881784 6 0
    endloop
endfacet
facet normal 0 0 -1
    outer loop
        vertex 0.0000000000000008881784 6 0
        vertex 30 6 0
        vertex 24 -0 0
    endloop
endfacet
facet normal -0 0 -1
    outer loop
        vertex 30 6 0
        vertex 29.88471 4.8294578 -0.0000000000000000000000000000005802774
        vertex 24 -0 0
    endloop
endfacet
facet normal -0 -0 -1
    outer loop
        vertex 29.88471 4.8294578 -0.0000000000000000000000000000005802774
        vertex 29.543278 3.7038994 -0.00000000000000000000000000000054660934
        vertex 24 -0 0
    endloop
endfacet
facet normal -0 0 -1
    outer loop
        vertex 29.543278 3.7038994 -0.00000000000000000000000000000054660934
        vertex 28.988817 2.6665785 -0.0000000000000000000000000000004919354
        vertex 24 -0 0
    endloop
endfacet
facet normal -0 0 -1
    outer loop
        vertex 28.988817 2.6665785 -0.0000000000000000000000000000004919354
        vertex 28.24264 1.7573594 -0.00000000000000000000000000000041835665
        vertex 24 -0 0
    endloop
endfacet
facet normal -0 0 -1
    outer loop
        vertex 24 -0 0
        vertex 27.333422 1.0111823 -0.00000000000000000000000000000032870073
        vertex 26.2961 0.4567228 -0.000000000000000000000000000000226413
    endloop
endfacet
facet normal -0 -0 -1
    outer loop
        vertex 28.24264 1.7573594 -0.00000000000000000000000000000041835665
        vertex 27.333422 1.0111823 -0.00000000000000000000000000000032870073
        vertex 24 -0 0
    endloop
endfacet
facet normal -0 0 -1
    outer loop
        vertex 24 -0 0
        vertex 26.2961 0.4567228 -0.000000000000000000000000000000226413
        vertex 25.170542 0.11528832 -0.00000000000000000000000000000011542435
    endloop
endfacet
facet normal -0 -0 -0.99999994
    outer loop
        vertex 6 -0 0
        vertex 4.8294578 0.11528832 0.0000000000000017347235
        vertex 0.0000000000000008881784 6 0
    endloop
endfacet
facet normal -0 -0 -1
    outer loop
        vertex 4.8294578 0.11528832 0.0000000000000017347235
        vertex 3.7038994 0.4567228 0.0000000000000017347235
        vertex 0.0000000000000008881784 6 0
    endloop
endfacet
facet normal -0 -0 -0.99999994
    outer loop
        vertex 3.7038994 0.4567228 0.0000000000000017347235
        vertex 2.6665785 1.0111823 0.0000000000000017347235
        vertex 0.0000000000000008881784 6 0
    endloop
endfacet
facet normal -0 -0 -1
    outer loop
        vertex 0.0000000000000008881784 6 0
        vertex 2.6665785 1.0111823 0.0000000000000017347235
        vertex 1.7573594 1.7573594 0.0000000000000017347235
    endloop
endfacet
facet normal -0 -0 -1
    outer loop
        vertex 0.4567228 3.7038994 0.0000000000000017347235
        vertex 0.0000000000000008881784 6 0
        vertex 1.0111823 2.6665785 0.0000000000000017347235
    endloop
endfacet
facet normal -0 -0 -1
    outer loop
        vertex 0.0000000000000008881784 6 0
        vertex 1.7573594 1.7573594 0.0000000000000017347235
        vertex 1.0111823 2.6665785 0.0000000000000017347235
    endloop
endfacet
facet normal -0 -0 -1
    outer loop
        vertex 0.11528832 4.8294578 0.0000000000000017347235
        vertex 0.0000000000000008881784 6 0
        vertex 0.4567228 3.7038994 0.0000000000000017347235
    endloop
endfacet
facet normal 0 0 -1
    outer loop
        vertex 0.0000000000000008881784 6 0
        vertex 24 -0 0
        vertex 6 -0 0
    endloop
endfacet
facet normal 0 0 -1
    outer loop
        vertex 30 154 0
        vertex 6 160 0
        vertex 24 160 0
    endloop
endfacet
facet normal 0 0 0.99999994
    outer loop
        vertex 3.0576441 5.414729 23
        vertex 0.11528832 4.8294578 23
        vertex 3.2283614 4.8519497 23
    endloop
endfacet
facet normal 0 0 1
    outer loop
        vertex 3.0576441 5.414729 23
        vertex 3 6 23
        vertex 0.11528832 4.8294578 23
    endloop
endfacet
facet normal 0 0 1
    outer loop
        vertex 3.2283614 4.8519497 23
        vertex 0.4567228 3.7038994 23
        vertex 3.5055912 4.333289 23
    endloop
endfacet
facet normal 0 0 1
    outer loop
        vertex 3.5055912 4.333289 23
        vertex 0.4567228 3.7038994 23
        vertex 1.0111823 2.6665785 23
    endloop
endfacet
facet normal 0 0 0.99999994
    outer loop
        vertex 3.8786795 3.8786795 23
        vertex 1.0111823 2.6665785 23
        vertex 1.7573594 1.7573594 23
    endloop
endfacet
facet normal 0 0 1
    outer loop
        vertex 4.333289 3.5055912 23
        vertex 3.8786795 3.8786795 23
        vertex 1.7573594 1.7573594 23
    endloop
endfacet
facet normal 0 0 0.99999994
    outer loop
        vertex 4.8519497 3.2283614 23
        vertex 4.333289 3.5055912 23
        vertex 2.6665785 1.0111823 23
    endloop
endfacet
facet normal -0 0 1
    outer loop
        vertex 6 3 23
        vertex 6 -0 23
        vertex 24 3 23
    endloop
endfacet
facet normal -0 0 0.99999994
    outer loop
        vertex 2.6665785 1.0111823 23
        vertex 3.7038994 0.4567228 23
        vertex 4.8519497 3.2283614 23
    endloop
endfacet
facet normal 0 0 1
    outer loop
        vertex 24.585272 3.0576441 23
        vertex 24 -0 23
        vertex 25.170542 0.11528832 23
    endloop
endfacet
facet normal 0 0 1
    outer loop
        vertex 24.585272 3.0576441 23
        vertex 24 3 23
        vertex 24 -0 23
    endloop
endfacet
facet normal 0 0 1
    outer loop
        vertex 25.14805 3.2283614 23
        vertex 24.585272 3.0576441 23
        vertex 25.170542 0.11528832 23
    endloop
endfacet
facet normal 0 -0 0.99999994
    outer loop
        vertex 25.170542 0.11528832 23
        vertex 26.2961 0.4567228 23
        vertex 25.14805 3.2283614 23
    endloop
endfacet
facet normal 0 0 1
    outer loop
        vertex 27.333422 1.0111823 23
        vertex 26.12132 3.8786795 23
        vertex 25.66671 3.5055912 23
    endloop
endfacet
facet normal 0 -0 1
    outer loop
        vertex 26.2961 0.4567228 23
        vertex 27.333422 1.0111823 23
        vertex 25.66671 3.5055912 23
    endloop
endfacet
facet normal 0 0 0.99999994
    outer loop
        vertex 28.24264 1.7573594 23
        vertex 26.494408 4.333289 23
        vertex 26.12132 3.8786795 23
    endloop
endfacet
facet normal 0 -0 1
    outer loop
        vertex 27.333422 1.0111823 23
        vertex 28.24264 1.7573594 23
        vertex 26.12132 3.8786795 23
    endloop
endfacet
facet normal 0 0 1
    outer loop
        vertex 28.988817 2.6665785 23
        vertex 26.771639 4.8519497 23
        vertex 26.494408 4.333289 23
    endloop
endfacet
facet normal 0 -0 1
    outer loop
        vertex 28.24264 1.7573594 23
        vertex 28.988817 2.6665785 23
        vertex 26.494408 4.333289 23
    endloop
endfacet
facet normal 0 0 1
    outer loop
        vertex 27 6 23
        vertex 30 6 23
        vertex 27 154 23
    endloop
endfacet
facet normal 0 -0 1
    outer loop
        vertex 27 154 23
        vertex 30 154 23
        vertex 26.942356 154.58527 23
    endloop
endfacet
facet normal 0 0 1
    outer loop
        vertex 29.88471 155.17055 23
        vertex 26.942356 154.58527 23
        vertex 30 154 23
    endloop
endfacet
facet normal 0 0 0.99999994
    outer loop
        vertex 29.88471 155.17055 23
        vertex 26.771639 155.14804 23
        vertex 26.942356 154.58527 23
    endloop
endfacet
facet normal 0 0 1
    outer loop
        vertex 28.988817 157.33342 23
        vertex 26.12132 156.1213 23
        vertex 26.494408 155.6667 23
    endloop
endfacet
facet normal 0 0 1
    outer loop
        vertex 29.543278 156.2961 23
        vertex 28.988817 157.33342 23
        vertex 26.494408 155.6667 23
    endloop
endfacet
facet normal 0 0 1
    outer loop
        vertex 28.24264 158.24265 23
        vertex 25.66671 156.49442 23
        vertex 26.12132 156.1213 23
    endloop
endfacet
facet normal 0 0 1
    outer loop
        vertex 28.988817 157.33342 23
        vertex 28.24264 158.24265 23
        vertex 26.12132 156.1213 23
    endloop
endfacet
facet normal 0 0 0.99999994
    outer loop
        vertex 27.333422 158.98882 23
        vertex 25.14805 156.77165 23
        vertex 25.66671 156.49442 23
    endloop
endfacet
facet normal 0 0 0.99999994
    outer loop
        vertex 28.24264 158.24265 23
        vertex 27.333422 158.98882 23
        vertex 25.66671 156.49442 23
    endloop
endfacet
facet normal 0 -0 1
    outer loop
        vertex 24 157 23
        vertex 24 160 23
        vertex 6 157 23
    endloop
endfacet
facet normal 0 -0 1
    outer loop
        vertex 5.414729 156.94235 23
        vertex 6 160 23
        vertex 4.8294578 159.8847 23
    endloop
endfacet
facet normal 0 0 1
    outer loop
        vertex 5.414729 156.94235 23
        vertex 6 157 23
        vertex 6 160 23
    endloop
endfacet
facet normal 0 -0 1
    outer loop
        vertex 4.8519497 156.77165 23
        vertex 5.414729 156.94235 23
        vertex 4.8294578 159.8847 23
    endloop
endfacet
facet normal 0 0 1
    outer loop
        vertex 4.8294578 159.8847 23
        vertex 3.7038994 159.54327 23
        vertex 4.8519497 156.77165 23
    endloop
endfacet
facet normal 0 0 1
    outer loop
        vertex 2.6665785 158.98882 23
        vertex 3.8786795 156.1213 23
        vertex 4.333289 156.49442 23
    endloop
endfacet
facet normal 0 0 1
    outer loop
        vertex 3.7038994 159.54327 23
        vertex 2.6665785 158.98882 23
        vertex 4.333289 156.49442 23
    endloop
endfacet
facet normal 0 0 1
    outer loop
        vertex 1.7573594 158.24265 23
        vertex 3.5055912 155.6667 23
        vertex 3.8786795 156.1213 23
    endloop
endfacet
facet normal 0 0 1
    outer loop
        vertex 2.6665785 158.98882 23
        vertex 1.7573594 158.24265 23
        vertex 3.8786795 156.1213 23
    endloop
endfacet
facet normal 0 0 1
    outer loop
        vertex 1.0111823 157.33342 23
        vertex 3.2283614 155.14804 23
        vertex 3.5055912 155.6667 23
    endloop
endfacet
facet normal 0 0 1
    outer loop
        vertex 1.7573594 158.24265 23
        vertex 1.0111823 157.33342 23
        vertex 3.5055912 155.6667 23
    endloop
endfacet
facet normal 0 0 1
    outer loop
        vertex 3 154 23
        vertex 0.000000000000021316282 154 23
        vertex 3 6 23
    endloop
endfacet
facet normal 0 0 1
    outer loop
        vertex 24 3 23
        vertex 6 -0 23
        vertex 24 -0 23
    endloop
endfacet
facet normal -0 0 1
    outer loop
        vertex 27 154 23
        vertex 30 6 23
        vertex 30 154 23
    endloop
endfacet
facet normal 0 0 1
    outer loop
        vertex 3 6 23
        vertex 0.000000000000021316282 154 23
        vertex 0.0000000000000008881784 6 23
    endloop
endfacet
facet normal 0 0 1
    outer loop
        vertex 6 157 23
        vertex 24 160 23
        vertex 6 160 23
    endloop
endfacet
facet normal 0 0 1
    outer loop
        vertex 0.000000000000021316282 154 23
        vertex 3 154 23
        vertex 0.11528832 155.17055 23
    endloop
endfacet
facet normal 0 0 0.99999994
    outer loop
        vertex 0.11528832 155.17055 23
        vertex 3 154 23
        vertex 3.0576441 154.58527 23
    endloop
endfacet
facet normal 0 0 0.99999994
    outer loop
        vertex 0.4567228 156.2961 23
        vertex 0.11528832 155.17055 23
        vertex 3.0576441 154.58527 23
    endloop
endfacet
facet normal 0 0 0.99999994
    outer loop
        vertex 3.2283614 155.14804 23
        vertex 0.4567228 156.2961 23
        vertex 3.0576441 154.58527 23
    endloop
endfacet
facet normal 0 0 0.99999994
    outer loop
        vertex 29.543278 156.2961 23
        vertex 26.771639 155.14804 23
        vertex 29.88471 155.17055 23
    endloop
endfacet
facet normal 0 0 1
    outer loop
        vertex 3.2283614 155.14804 23
        vertex 1.0111823 157.33342 23
        vertex 0.4567228 156.2961 23
    endloop
endfacet
facet normal 0 0 1
    outer loop
        vertex 24 160 23
        vertex 24 157 23
        vertex 25.170542 159.8847 23
    endloop
endfacet
facet normal 0 0 0.99999994
    outer loop
        vertex 25.170542 159.8847 23
        vertex 24 157 23
        vertex 24.585272 156.94235 23
    endloop
endfacet
facet normal 0 0 1
    outer loop
        vertex 26.2961 159.54327 23
        vertex 25.170542 159.8847 23
        vertex 24.585272 156.94235 23
    endloop
endfacet
facet normal 0 0 1
    outer loop
        vertex 26.2961 159.54327 23
        vertex 24.585272 156.94235 23
        vertex 25.14805 156.77165 23
    endloop
endfacet
facet normal -0 0 0.99999994
    outer loop
        vertex 26.494408 155.6667 23
        vertex 26.771639 155.14804 23
        vertex 29.543278 156.2961 23
    endloop
endfacet
facet normal 0 0 0.99999994
    outer loop
        vertex 27.333422 158.98882 23
        vertex 26.2961 159.54327 23
        vertex 25.14805 156.77165 23
    endloop
endfacet
facet normal -0 0 1
    outer loop
        vertex 0.0000000000000008881784 6 23
        vertex 0.11528832 4.8294578 23
        vertex 3 6 23
    endloop
endfacet
facet normal 0 0 1
    outer loop
        vertex 30 6 23
        vertex 27 6 23
        vertex 29.88471 4.8294578 23
    endloop
endfacet
facet normal 0 0 1
    outer loop
        vertex 29.88471 4.8294578 23
        vertex 27 6 23
        vertex 26.942356 5.414729 23
    endloop
endfacet
facet normal 0 -0 1
    outer loop
        vertex 29.543278 3.7038994 23
        vertex 29.88471 4.8294578 23
        vertex 26.942356 5.414729 23
    endloop
endfacet
facet normal -0 0 1
    outer loop
        vertex 26.771639 4.8519497 23
        vertex 29.543278 3.7038994 23
        vertex 26.942356 5.414729 23
    endloop
endfacet
facet normal 0 0 1
    outer loop
        vertex 26.771639 4.8519497 23
        vertex 28.988817 2.6665785 23
        vertex 29.543278 3.7038994 23
    endloop
endfacet
facet normal 0 -0 1
    outer loop
        vertex 6 -0 23
        vertex 6 3 23
        vertex 4.8294578 0.11528832 23
    endloop
endfacet
facet normal 0 0 1
    outer loop
        vertex 4.8294578 0.11528832 23
        vertex 6 3 23
        vertex 5.414729 3.0576441 23
    endloop
endfacet
facet normal -0 0 0.99999994
    outer loop
        vertex 3.7038994 0.4567228 23
        vertex 4.8294578 0.11528832 23
        vertex 5.414729 3.0576441 23
    endloop
endfacet
facet normal 0 0 1
    outer loop
        vertex 3.7038994 0.4567228 23
        vertex 5.414729 3.0576441 23
        vertex 4.8519497 3.2283614 23
    endloop
endfacet
facet normal 0 0 1
    outer loop
        vertex 3.5055912 4.333289 23
        vertex 1.0111823 2.6665785 23
        vertex 3.8786795 3.8786795 23
    endloop
endfacet
facet normal 0 -0 0.99999994
    outer loop
        vertex 2.6665785 1.0111823 23
        vertex 4.333289 3.5055912 23
        vertex 1.7573594 1.7573594 23
    endloop
endfacet
facet normal -0 0 0.99999994
    outer loop
        vertex 0.11528832 4.8294578 23
        vertex 0.4567228 3.7038994 23
        vertex 3.2283614 4.8519497 23
    endloop
endfacet
facet normal -0 0 1
    outer loop
        vertex 25.14805 3.2283614 23
        vertex 26.2961 0.4567228 23
        vertex 25.66671 3.5055912 23
    endloop
endfacet
facet normal 0 0 0.99999994
    outer loop
        vertex 4.8519497 156.77165 23
        vertex 3.7038994 159.54327 23
        vertex 4.333289 156.49442 23
    endloop
endfacet
facet normal 0.09801716 -0.99518478 0
    outer loop
        vertex 24 -0 23
        vertex 24 -0 0
        vertex 25.170542 0.11528832 23
    endloop
endfacet
facet normal 0.09801716 -0.99518478 0
    outer loop
        vertex 25.170542 0.11528832 23
        vertex 24 -0 0
        vertex 25.170542 0.11528832 -0.00000000000000000000000000000011542435
    endloop
endfacet
facet normal 0.29028463 -0.95694041 0
    outer loop
        vertex 26.2961 0.4567228 23
        vertex 25.170542 0.11528832 -0.00000000000000000000000000000011542435
        vertex 26.2961 0.4567228 -0.000000000000000000000000000000226413
    endloop
endfacet
facet normal 0.47139665 -0.88192135 0
    outer loop
        vertex 27.333422 1.0111823 23
        vertex 26.2961 0.4567228 -0.000000000000000000000000000000226413
        vertex 27.333422 1.0111823 -0.00000000000000000000000000000032870073
    endloop
endfacet
facet normal 0.63439393 -0.7730099 0
    outer loop
        vertex 28.24264 1.7573594 23
        vertex 27.333422 1.0111823 23
        vertex 27.333422 1.0111823 -0.00000000000000000000000000000032870073
    endloop
endfacet
facet normal 0.77301013 -0.63439369 0
    outer loop
        vertex 28.988817 2.6665785 23
        vertex 28.24264 1.7573594 23
        vertex 28.24264 1.7573594 -0.00000000000000000000000000000041835665
    endloop
endfacet
facet normal 0.77301013 -0.63439369 0
    outer loop
        vertex 28.988817 2.6665785 -0.0000000000000000000000000000004919354
        vertex 28.988817 2.6665785 23
        vertex 28.24264 1.7573594 -0.00000000000000000000000000000041835665
    endloop
endfacet
facet normal 0.88192093 -0.4713974 0
    outer loop
        vertex 29.543278 3.7038994 -0.00000000000000000000000000000054660934
        vertex 29.543278 3.7038994 23
        vertex 28.988817 2.6665785 -0.0000000000000000000000000000004919354
    endloop
endfacet
facet normal 0.9951846 -0.09801827 0
    outer loop
        vertex 29.88471 4.8294578 -0.0000000000000000000000000000005802774
        vertex 30 6 0
        vertex 30 6 23
    endloop
endfacet
facet normal 0.9951846 -0.09801827 0
    outer loop
        vertex 29.88471 4.8294578 23
        vertex 29.88471 4.8294578 -0.0000000000000000000000000000005802774
        vertex 30 6 23
    endloop
endfacet
facet normal 0.95694077 -0.29028326 0
    outer loop
        vertex 29.88471 4.8294578 23
        vertex 29.543278 3.7038994 -0.00000000000000000000000000000054660934
        vertex 29.88471 4.8294578 -0.0000000000000000000000000000005802774
    endloop
endfacet
facet normal 0.95694077 -0.29028326 0
    outer loop
        vertex 29.88471 4.8294578 23
        vertex 29.543278 3.7038994 23
        vertex 29.543278 3.7038994 -0.00000000000000000000000000000054660934
    endloop
endfacet
facet normal 0.88192093 -0.4713974 0
    outer loop
        vertex 29.543278 3.7038994 23
        vertex 28.988817 2.6665785 23
        vertex 28.988817 2.6665785 -0.0000000000000000000000000000004919354
    endloop
endfacet
facet normal 0.63439393 -0.7730099 0
    outer loop
        vertex 28.24264 1.7573594 23
        vertex 27.333422 1.0111823 -0.00000000000000000000000000000032870073
        vertex 28.24264 1.7573594 -0.00000000000000000000000000000041835665
    endloop
endfacet
facet normal 0.29028463 -0.95694041 0
    outer loop
        vertex 25.170542 0.11528832 -0.00000000000000000000000000000011542435
        vertex 26.2961 0.4567228 23
        vertex 25.170542 0.11528832 23
    endloop
endfacet
facet normal 0.47139665 -0.88192135 0
    outer loop
        vertex 26.2961 0.4567228 -0.000000000000000000000000000000226413
        vertex 27.333422 1.0111823 23
        vertex 26.2961 0.4567228 23
    endloop
endfacet
facet normal 0.99518472 0.09801784 0
    outer loop
        vertex 30 154 23
        vertex 30 154 0
        vertex 29.88471 155.17055 23
    endloop
endfacet
facet normal 0.99518472 0.09801784 0
    outer loop
        vertex 29.88471 155.17055 23
        vertex 30 154 0
        vertex 29.88471 155.17055 -0.0000000000000017347235
    endloop
endfacet
facet normal 0.95694011 0.29028538 0
    outer loop
        vertex 29.543278 156.2961 23
        vertex 29.88471 155.17055 -0.0000000000000017347235
        vertex 29.543278 156.2961 -0.0000000000000017347235
    endloop
endfacet
facet normal 0.88192135 0.47139663 0
    outer loop
        vertex 28.988817 157.33342 23
        vertex 29.543278 156.2961 -0.0000000000000017347235
        vertex 28.988817 157.33342 -0.0000000000000017347235
    endloop
endfacet
facet normal 0.77301228 0.63439107 0
    outer loop
        vertex 28.24264 158.24265 23
        vertex 28.988817 157.33342 23
        vertex 28.988817 157.33342 -0.0000000000000017347235
    endloop
endfacet
facet normal 0.63439029 0.77301282 0
    outer loop
        vertex 27.333422 158.98882 23
        vertex 28.24264 158.24265 23
        vertex 28.24264 158.24265 -0.0000000000000017347235
    endloop
endfacet
facet normal 0.63439029 0.77301282 -0
    outer loop
        vertex 27.333422 158.98882 -0.0000000000000017347235
        vertex 27.333422 158.98882 23
        vertex 28.24264 158.24265 -0.0000000000000017347235
    endloop
endfacet
facet normal 0.47139606 0.88192171 -0
    outer loop
        vertex 26.2961 159.54327 -0.0000000000000017347235
        vertex 26.2961 159.54327 23
        vertex 27.333422 158.98882 -0.0000000000000017347235
    endloop
endfacet
facet normal 0.09802312 0.99518406 0
    outer loop
        vertex 25.170542 159.8847 -0.0000000000000017347235
        vertex 24 160 0
        vertex 24 160 23
    endloop
endfacet
facet normal 0.09802312 0.99518406 0
    outer loop
        vertex 25.170542 159.8847 23
        vertex 25.170542 159.8847 -0.0000000000000017347235
        vertex 24 160 23
    endloop
endfacet
facet normal 0.29028165 0.95694125 0
    outer loop
        vertex 25.170542 159.8847 23
        vertex 26.2961 159.54327 -0.0000000000000017347235
        vertex 25.170542 159.8847 -0.0000000000000017347235
    endloop
endfacet
facet normal 0.29028165 0.95694125 0
    outer loop
        vertex 25.170542 159.8847 23
        vertex 26.2961 159.54327 23
        vertex 26.2961 159.54327 -0.0000000000000017347235
    endloop
endfacet
facet normal 0.47139606 0.88192171 0
    outer loop
        vertex 26.2961 159.54327 23
        vertex 27.333422 158.98882 23
        vertex 27.333422 158.98882 -0.0000000000000017347235
    endloop
endfacet
facet normal 0.77301228 0.63439107 0
    outer loop
        vertex 28.24264 158.24265 23
        vertex 28.988817 157.33342 -0.0000000000000017347235
        vertex 28.24264 158.24265 -0.0000000000000017347235
    endloop
endfacet
facet normal 0.95694011 0.29028538 -0
    outer loop
        vertex 29.88471 155.17055 -0.0000000000000017347235
        vertex 29.543278 156.2961 23
        vertex 29.88471 155.17055 23
    endloop
endfacet
facet normal 0.88192135 0.47139663 -0
    outer loop
        vertex 29.543278 156.2961 -0.0000000000000017347235
        vertex 28.988817 157.33342 23
        vertex 29.543278 156.2961 23
    endloop
endfacet
facet normal -0.09802308 0.99518412 0
    outer loop
        vertex 6 160 23
        vertex 6 160 0
        vertex 4.8294578 159.8847 23
    endloop
endfacet
facet normal -0.09802308 0.99518412 0
    outer loop
        vertex 4.8294578 159.8847 23
        vertex 6 160 0
        vertex 4.8294578 159.8847 0.0000000000000017347235
    endloop
endfacet
facet normal -0.29028177 0.95694125 0
    outer loop
        vertex 3.7038994 159.54327 23
        vertex 4.8294578 159.8847 0.0000000000000017347235
        vertex 3.7038994 159.54327 0.0000000000000017347235
    endloop
endfacet
facet normal -0.47139612 0.88192159 0
    outer loop
        vertex 2.6665785 158.98882 23
        vertex 3.7038994 159.54327 0.0000000000000017347235
        vertex 2.6665785 158.98882 0.0000000000000017347235
    endloop
endfacet
facet normal -0.63438988 0.77301335 0
    outer loop
        vertex 1.7573594 158.24265 23
        vertex 2.6665785 158.98882 23
        vertex 2.6665785 158.98882 0.0000000000000017347235
    endloop
endfacet
facet normal -0.77301258 0.63439083 0
    outer loop
        vertex 1.0111823 157.33342 23
        vertex 1.7573594 158.24265 23
        vertex 1.7573594 158.24265 0.0000000000000017347235
    endloop
endfacet
facet normal -0.77301258 0.63439083 0
    outer loop
        vertex 1.0111823 157.33342 0.0000000000000017347235
        vertex 1.0111823 157.33342 23
        vertex 1.7573594 158.24265 0.0000000000000017347235
    endloop
endfacet
facet normal -0.88192159 0.47139594 0
    outer loop
        vertex 0.4567228 156.2961 0.0000000000000017347235
        vertex 0.4567228 156.2961 23
        vertex 1.0111823 157.33342 0.0000000000000017347235
    endloop
endfacet
facet normal -0.99518472 0.09801668 0
    outer loop
        vertex 0.11528832 155.17055 0.0000000000000017347235
        vertex 0.000000000000021316282 154 0
        vertex 0.000000000000021316282 154 23
    endloop
endfacet
facet normal -0.99518472 0.09801668 0
    outer loop
        vertex 0.11528832 155.17055 23
        vertex 0.11528832 155.17055 0.0000000000000017347235
        vertex 0.000000000000021316282 154 23
    endloop
endfacet
facet normal -0.9569397 0.2902869 0
    outer loop
        vertex 0.11528832 155.17055 23
        vertex 0.4567228 156.2961 0.0000000000000017347235
        vertex 0.11528832 155.17055 0.0000000000000017347235
    endloop
endfacet
facet normal -0.9569397 0.2902869 0
    outer loop
        vertex 0.11528832 155.17055 23
        vertex 0.4567228 156.2961 23
        vertex 0.4567228 156.2961 0.0000000000000017347235
    endloop
endfacet
facet normal -0.88192159 0.47139594 0
    outer loop
        vertex 0.4567228 156.2961 23
        vertex 1.0111823 157.33342 23
        vertex 1.0111823 157.33342 0.0000000000000017347235
    endloop
endfacet
facet normal -0.63438988 0.77301335 0
    outer loop
        vertex 1.7573594 158.24265 23
        vertex 2.6665785 158.98882 0.0000000000000017347235
        vertex 1.7573594 158.24265 0.0000000000000017347235
    endloop
endfacet
facet normal -0.29028177 0.95694125 0
    outer loop
        vertex 4.8294578 159.8847 0.0000000000000017347235
        vertex 3.7038994 159.54327 23
        vertex 4.8294578 159.8847 23
    endloop
endfacet
facet normal -0.47139612 0.88192159 0
    outer loop
        vertex 3.7038994 159.54327 0.0000000000000017347235
        vertex 2.6665785 158.98882 23
        vertex 3.7038994 159.54327 23
    endloop
endfacet
facet normal -0.29028475 -0.95694035 0
    outer loop
        vertex 4.8294578 0.11528832 0.0000000000000017347235
        vertex 4.8294578 0.11528832 23
        vertex 3.7038994 0.4567228 0.0000000000000017347235
    endloop
endfacet
facet normal -0.47139668 -0.88192123 0
    outer loop
        vertex 3.7038994 0.4567228 0.0000000000000017347235
        vertex 3.7038994 0.4567228 23
        vertex 2.6665785 1.0111823 0.0000000000000017347235
    endloop
endfacet
facet normal -0.47139668 -0.88192123 0
    outer loop
        vertex 2.6665785 1.0111823 0.0000000000000017347235
        vertex 3.7038994 0.4567228 23
        vertex 2.6665785 1.0111823 23
    endloop
endfacet
facet normal -0.63439339 -0.77301031 0
    outer loop
        vertex 1.7573594 1.7573594 0.0000000000000017347235
        vertex 2.6665785 1.0111823 23
        vertex 1.7573594 1.7573594 23
    endloop
endfacet
facet normal -0.77301031 -0.63439339 0
    outer loop
        vertex 1.0111823 2.6665785 0.0000000000000017347235
        vertex 1.7573594 1.7573594 0.0000000000000017347235
        vertex 1.7573594 1.7573594 23
    endloop
endfacet
facet normal -0.88192123 -0.47139668 0
    outer loop
        vertex 0.4567228 3.7038994 0.0000000000000017347235
        vertex 1.0111823 2.6665785 0.0000000000000017347235
        vertex 1.0111823 2.6665785 23
    endloop
endfacet
facet normal -0.88192123 -0.47139668 -0
    outer loop
        vertex 0.4567228 3.7038994 23
        vertex 0.4567228 3.7038994 0.0000000000000017347235
        vertex 1.0111823 2.6665785 23
    endloop
endfacet
facet normal -0.99518472 -0.09801711 0
    outer loop
        vertex 0.0000000000000008881784 6 0
        vertex 0.11528832 4.8294578 23
        vertex 0.0000000000000008881784 6 23
    endloop
endfacet
facet normal -0.99518472 -0.09801711 0
    outer loop
        vertex 0.0000000000000008881784 6 0
        vertex 0.11528832 4.8294578 0.0000000000000017347235
        vertex 0.11528832 4.8294578 23
    endloop
endfacet
facet normal -0.95694035 -0.29028475 -0
    outer loop
        vertex 0.11528832 4.8294578 23
        vertex 0.11528832 4.8294578 0.0000000000000017347235
        vertex 0.4567228 3.7038994 23
    endloop
endfacet
facet normal -0.09801711 -0.99518472 0
    outer loop
        vertex 4.8294578 0.11528832 0.0000000000000017347235
        vertex 6 -0 0
        vertex 4.8294578 0.11528832 23
    endloop
endfacet
facet normal -0.95694035 -0.29028475 0
    outer loop
        vertex 0.4567228 3.7038994 0.0000000000000017347235
        vertex 0.4567228 3.7038994 23
        vertex 0.11528832 4.8294578 0.0000000000000017347235
    endloop
endfacet
facet normal -0.09801711 -0.99518472 0
    outer loop
        vertex 4.8294578 0.11528832 23
        vertex 6 -0 0
        vertex 6 -0 23
    endloop
endfacet
facet normal -0.29028475 -0.95694035 0
    outer loop
        vertex 4.8294578 0.11528832 23
        vertex 3.7038994 0.4567228 23
        vertex 3.7038994 0.4567228 0.0000000000000017347235
    endloop
endfacet
facet normal -0.63439339 -0.77301031 0
    outer loop
        vertex 2.6665785 1.0111823 0.0000000000000017347235
        vertex 2.6665785 1.0111823 23
        vertex 1.7573594 1.7573594 0.0000000000000017347235
    endloop
endfacet
facet normal -0.77301031 -0.63439339 0
    outer loop
        vertex 1.0111823 2.6665785 0.0000000000000017347235
        vertex 1.7573594 1.7573594 23
        vertex 1.0111823 2.6665785 23
    endloop
endfacet
facet normal 0 1 -0
    outer loop
        vertex 18.982891 3 11.869011
        vertex 18.92908 3 12.249604
        vertex 24 3 23
    endloop
endfacet
facet normal 0 1 0
    outer loop
        vertex 18.982891 3 11.869011
        vertex 24 3 3
        vertex 19 3 11.5
    endloop
endfacet
facet normal 0 1 -0
    outer loop
        vertex 18.92908 3 12.249604
        vertex 18.887472 3 12.441873
        vertex 24 3 23
    endloop
endfacet
facet normal 0 0.99999994 -0
    outer loop
        vertex 18.887472 3 12.441873
        vertex 18.83568 3 12.634505
        vertex 24 3 23
    endloop
endfacet
facet normal 0 0.99999994 -0
    outer loop
        vertex 18.83568 3 12.634505
        vertex 18.773502 3 12.826735
        vertex 24 3 23
    endloop
endfacet
facet normal 0 1 -0
    outer loop
        vertex 18.773502 3 12.826735
        vertex 18.700804 3 13.01775
        vertex 24 3 23
    endloop
endfacet
facet normal 0 0.99999994 -0
    outer loop
        vertex 18.700804 3 13.01775
        vertex 18.617544 3 13.206718
        vertex 24 3 23
    endloop
endfacet
facet normal 0 1 -0
    outer loop
        vertex 18.617544 3 13.206718
        vertex 18.523756 3 13.392787
        vertex 24 3 23
    endloop
endfacet
facet normal 0 0.99999994 -0
    outer loop
        vertex 18.523756 3 13.392787
        vertex 18.419569 3 13.575098
        vertex 24 3 23
    endloop
endfacet
facet normal 0 1 -0
    outer loop
        vertex 18.419569 3 13.575098
        vertex 18.305208 3 13.752795
        vertex 24 3 23
    endloop
endfacet
facet normal 0 1 -0
    outer loop
        vertex 18.305208 3 13.752795
        vertex 18.180983 3 13.925042
        vertex 24 3 23
    endloop
endfacet
facet normal 0 1 -0
    outer loop
        vertex 18.180983 3 13.925042
        vertex 18.047298 3 14.091032
        vertex 24 3 23
    endloop
endfacet
facet normal 0 0.99999994 -0
    outer loop
        vertex 18.047298 3 14.091032
        vertex 17.904648 3 14.249999
        vertex 24 3 23
    endloop
endfacet
facet normal 0 1 -0
    outer loop
        vertex 17.904648 3 14.249999
        vertex 17.753603 3 14.401233
        vertex 24 3 23
    endloop
endfacet
facet normal 0 1 -0
    outer loop
        vertex 17.753603 3 14.401233
        vertex 17.594807 3 14.5440855
        vertex 24 3 23
    endloop
endfacet
facet normal 0 1 -0
    outer loop
        vertex 17.594807 3 14.5440855
        vertex 17.428972 3 14.677982
        vertex 24 3 23
    endloop
endfacet
facet normal 0 1 -0
    outer loop
        vertex 17.428972 3 14.677982
        vertex 17.25686 3 14.802433
        vertex 24 3 23
    endloop
endfacet
facet normal 0 1 -0
    outer loop
        vertex 17.25686 3 14.802433
        vertex 17.07928 3 14.917027
        vertex 24 3 23
    endloop
endfacet
facet normal 0 1 -0
    outer loop
        vertex 17.07928 3 14.917027
        vertex 16.897068 3 15.021452
        vertex 24 3 23
    endloop
endfacet
facet normal 0 1 -0
    outer loop
        vertex 16.897068 3 15.021452
        vertex 16.711077 3 15.115482
        vertex 24 3 23
    endloop
endfacet
facet normal 0 1 -0
    outer loop
        vertex 16.711077 3 15.115482
        vertex 16.522165 3 15.19899
        vertex 24 3 23
    endloop
endfacet
facet normal 0 1 -0
    outer loop
        vertex 16.522165 3 15.19899
        vertex 16.331188 3 15.27193
        vertex 24 3 23
    endloop
endfacet
facet normal 0 1 -0
    outer loop
        vertex 16.331188 3 15.27193
        vertex 15.946345 3 15.386383
        vertex 24 3 23
    endloop
endfacet
facet normal 0 1 -0
    outer loop
        vertex 15.946345 3 15.386383
        vertex 15.562848 3 15.460148
        vertex 24 3 23
    endloop
endfacet
facet normal 0 1 -0
    outer loop
        vertex 15.562848 3 15.460148
        vertex 15.1862955 3 15.495608
        vertex 24 3 23
    endloop
endfacet
facet normal -0 1 0
    outer loop
        vertex 14.818017 3 15.49581
        vertex 24 3 23
        vertex 15.1862955 3 15.495608
    endloop
endfacet
facet normal -0 1 0
    outer loop
        vertex 6 3 23
        vertex 24 3 23
        vertex 14.818017 3 15.49581
    endloop
endfacet
facet normal 0 1 0
    outer loop
        vertex 6 3 23
        vertex 14.818017 3 15.49581
        vertex 14.441575 3 15.460775
    endloop
endfacet
facet normal 0 1 0
    outer loop
        vertex 6 3 23
        vertex 14.441575 3 15.460775
        vertex 14.058128 3 15.387471
    endloop
endfacet
facet normal 0 0.99999994 0
    outer loop
        vertex 6 3 23
        vertex 14.058128 3 15.387471
        vertex 13.865494 3 15.33568
    endloop
endfacet
facet normal 0 1 0
    outer loop
        vertex 6 3 23
        vertex 13.865494 3 15.33568
        vertex 13.673266 3 15.273501
    endloop
endfacet
facet normal 0 1 0
    outer loop
        vertex 6 3 23
        vertex 13.673266 3 15.273501
        vertex 13.48225 3 15.200805
    endloop
endfacet
facet normal 0 1 0
    outer loop
        vertex 6 3 23
        vertex 13.48225 3 15.200805
        vertex 13.293282 3 15.117544
    endloop
endfacet
facet normal 0 1 0
    outer loop
        vertex 6 3 23
        vertex 13.293282 3 15.117544
        vertex 13.107212 3 15.023756
    endloop
endfacet
facet normal 0 1 0
    outer loop
        vertex 6 3 23
        vertex 13.107212 3 15.023756
        vertex 12.924902 3 14.919571
    endloop
endfacet
facet normal 0 1 0
    outer loop
        vertex 12.574958 3 14.680983
        vertex 12.408968 3 14.547299
        vertex 6 3 23
    endloop
endfacet
facet normal 0 1 -0
    outer loop
        vertex 12.574958 3 14.680983
        vertex 6 3 23
        vertex 12.747205 3 14.805208
    endloop
endfacet
facet normal 0 1 0
    outer loop
        vertex 12.408968 3 14.547299
        vertex 12.250002 3 14.404648
        vertex 6 3 23
    endloop
endfacet
facet normal 0 1 0
    outer loop
        vertex 12.250002 3 14.404648
        vertex 12.098768 3 14.253602
        vertex 6 3 23
    endloop
endfacet
facet normal 0 1 0
    outer loop
        vertex 12.098768 3 14.253602
        vertex 11.955915 3 14.094807
        vertex 6 3 23
    endloop
endfacet
facet normal 0 1 0
    outer loop
        vertex 11.955915 3 14.094807
        vertex 11.807432 3 13.909
        vertex 6 3 23
    endloop
endfacet
facet normal 0 0.99999994 0
    outer loop
        vertex 11.807432 3 13.909
        vertex 11.697567 3 13.756861
        vertex 6 3 23
    endloop
endfacet
facet normal 0 1 0
    outer loop
        vertex 11.697567 3 13.756861
        vertex 11.582973 3 13.579281
        vertex 6 3 23
    endloop
endfacet
facet normal 0 1 0
    outer loop
        vertex 11.582973 3 13.579281
        vertex 11.478548 3 13.397069
        vertex 6 3 23
    endloop
endfacet
facet normal 0 1 0
    outer loop
        vertex 11.478548 3 13.397069
        vertex 11.384517 3 13.211076
        vertex 6 3 23
    endloop
endfacet
facet normal 0 1 0
    outer loop
        vertex 11.384517 3 13.211076
        vertex 11.301011 3 13.022165
        vertex 6 3 23
    endloop
endfacet
facet normal 0 1 0
    outer loop
        vertex 11.301011 3 13.022165
        vertex 11.228069 3 12.831188
        vertex 6 3 23
    endloop
endfacet
facet normal 0 1 0
    outer loop
        vertex 11.228069 3 12.831188
        vertex 11.1656475 3 12.638979
        vertex 6 3 23
    endloop
endfacet
facet normal 0 1 0
    outer loop
        vertex 11.1656475 3 12.638979
        vertex 11.113617 3 12.446345
        vertex 6 3 23
    endloop
endfacet
facet normal 0 1 -0
    outer loop
        vertex 11.039852 3 12.062848
        vertex 6 3 23
        vertex 11.113617 3 12.446345
    endloop
endfacet
facet normal 0 1 -0
    outer loop
        vertex 11.004391 3 11.686296
        vertex 6 3 23
        vertex 11.039852 3 12.062848
    endloop
endfacet
facet normal 0 1 0
    outer loop
        vertex 6 3 23
        vertex 12.924902 3 14.919571
        vertex 12.747205 3 14.805208
    endloop
endfacet
facet normal 0 0.99999994 0
    outer loop
        vertex 6 3 3
        vertex 11.004391 3 11.686296
        vertex 11.000073 3 11.500001
    endloop
endfacet
facet normal 0 1 0
    outer loop
        vertex 6 3 3
        vertex 11.000073 3 11.500001
        vertex 11.017108 3 11.130989
    endloop
endfacet
facet normal 0 1 0
    outer loop
        vertex 6 3 3
        vertex 11.017108 3 11.130989
        vertex 11.080133 3 10.70742
    endloop
endfacet
facet normal 0 1 0
    outer loop
        vertex 6 3 3
        vertex 11.080133 3 10.70742
        vertex 11.164321 3 10.365495
    endloop
endfacet
facet normal 0 1 0
    outer loop
        vertex 11.299194 3 9.98225
        vertex 11.382456 3 9.793282
        vertex 6 3 3
    endloop
endfacet
facet normal 0 1 0
    outer loop
        vertex 11.299194 3 9.98225
        vertex 6 3 3
        vertex 11.2265 3 10.173265
    endloop
endfacet
facet normal 0 1 0
    outer loop
        vertex 11.382456 3 9.793282
        vertex 11.476244 3 9.607212
        vertex 6 3 3
    endloop
endfacet
facet normal 0 1 0
    outer loop
        vertex 11.476244 3 9.607212
        vertex 11.58043 3 9.424902
        vertex 6 3 3
    endloop
endfacet
facet normal 0 1 0
    outer loop
        vertex 11.58043 3 9.424902
        vertex 11.694792 3 9.247205
        vertex 6 3 3
    endloop
endfacet
facet normal 0 1 0
    outer loop
        vertex 11.694792 3 9.247205
        vertex 11.819017 3 9.074958
        vertex 6 3 3
    endloop
endfacet
facet normal 0 1 0
    outer loop
        vertex 11.819017 3 9.074958
        vertex 11.952701 3 8.908968
        vertex 6 3 3
    endloop
endfacet
facet normal 0 1 0
    outer loop
        vertex 11.952701 3 8.908968
        vertex 12.095352 3 8.750001
        vertex 6 3 3
    endloop
endfacet
facet normal 0 1 0
    outer loop
        vertex 12.095352 3 8.750001
        vertex 12.246398 3 8.598767
        vertex 6 3 3
    endloop
endfacet
facet normal 0 1 0
    outer loop
        vertex 12.246398 3 8.598767
        vertex 12.405193 3 8.4559145
        vertex 6 3 3
    endloop
endfacet
facet normal 0 1 0
    outer loop
        vertex 12.405193 3 8.4559145
        vertex 12.571029 3 8.322018
        vertex 6 3 3
    endloop
endfacet
facet normal 0 1 0
    outer loop
        vertex 12.571029 3 8.322018
        vertex 12.743138 3 8.197567
        vertex 6 3 3
    endloop
endfacet
facet normal 0 1 0
    outer loop
        vertex 12.743138 3 8.197567
        vertex 12.920718 3 8.082973
        vertex 6 3 3
    endloop
endfacet
facet normal 0 1 0
    outer loop
        vertex 12.920718 3 8.082973
        vertex 13.102932 3 7.9785485
        vertex 6 3 3
    endloop
endfacet
facet normal 0 0.99999994 0
    outer loop
        vertex 13.102932 3 7.9785485
        vertex 13.288923 3 7.884517
        vertex 6 3 3
    endloop
endfacet
facet normal 0 1 0
    outer loop
        vertex 13.288923 3 7.884517
        vertex 13.477835 3 7.8010106
        vertex 6 3 3
    endloop
endfacet
facet normal 0 1 0
    outer loop
        vertex 13.477835 3 7.8010106
        vertex 13.668813 3 7.72807
        vertex 6 3 3
    endloop
endfacet
facet normal 0 1 0
    outer loop
        vertex 13.668813 3 7.72807
        vertex 13.861021 3 7.6656475
        vertex 6 3 3
    endloop
endfacet
facet normal 0 1 0
    outer loop
        vertex 14.053654 3 7.613617
        vertex 6 3 3
        vertex 13.861021 3 7.6656475
    endloop
endfacet
facet normal 0 1 0
    outer loop
        vertex 14.437151 3 7.539852
        vertex 6 3 3
        vertex 14.053654 3 7.613617
    endloop
endfacet
facet normal 0 1 0
    outer loop
        vertex 14.813704 3 7.504391
        vertex 6 3 3
        vertex 14.437151 3 7.539852
    endloop
endfacet
facet normal 0 0.99999994 0
    outer loop
        vertex 15.181982 3 7.504191
        vertex 6 3 3
        vertex 14.813704 3 7.504391
    endloop
endfacet
facet normal 0 1 0
    outer loop
        vertex 24 3 3
        vertex 6 3 3
        vertex 15.181982 3 7.504191
    endloop
endfacet
facet normal 0 1 0
    outer loop
        vertex 24 3 3
        vertex 15.181982 3 7.504191
        vertex 15.558424 3 7.539224
    endloop
endfacet
facet normal 0 0.99999994 0
    outer loop
        vertex 24 3 3
        vertex 15.558424 3 7.539224
        vertex 15.972054 3 7.6205444
    endloop
endfacet
facet normal 0 1 0
    outer loop
        vertex 24 3 3
        vertex 15.972054 3 7.6205444
        vertex 16.326733 3 7.7264996
    endloop
endfacet
facet normal -0 1 0
    outer loop
        vertex 16.706718 3 7.8824563
        vertex 16.892788 3 7.976244
        vertex 24 3 3
    endloop
endfacet
facet normal 0 1 0
    outer loop
        vertex 16.706718 3 7.8824563
        vertex 24 3 3
        vertex 16.51775 3 7.7991953
    endloop
endfacet
facet normal -0 1 0
    outer loop
        vertex 16.892788 3 7.976244
        vertex 17.0751 3 8.080429
        vertex 24 3 3
    endloop
endfacet
facet normal -0 1 0
    outer loop
        vertex 17.0751 3 8.080429
        vertex 17.252796 3 8.194792
        vertex 24 3 3
    endloop
endfacet
facet normal -0 1 0
    outer loop
        vertex 17.252796 3 8.194792
        vertex 17.425041 3 8.319016
        vertex 24 3 3
    endloop
endfacet
facet normal -0 0.99999994 0
    outer loop
        vertex 17.425041 3 8.319016
        vertex 17.591032 3 8.452701
        vertex 24 3 3
    endloop
endfacet
facet normal -0 1 0
    outer loop
        vertex 17.591032 3 8.452701
        vertex 17.749998 3 8.595352
        vertex 24 3 3
    endloop
endfacet
facet normal -0 0.99999994 0
    outer loop
        vertex 17.749998 3 8.595352
        vertex 17.901232 3 8.746398
        vertex 24 3 3
    endloop
endfacet
facet normal -0 1 0
    outer loop
        vertex 17.901232 3 8.746398
        vertex 18.177982 3 9.071029
        vertex 24 3 3
    endloop
endfacet
facet normal -0 1 0
    outer loop
        vertex 18.177982 3 9.071029
        vertex 18.302433 3 9.243139
        vertex 24 3 3
    endloop
endfacet
facet normal -0 1 0
    outer loop
        vertex 18.302433 3 9.243139
        vertex 18.417027 3 9.420719
        vertex 24 3 3
    endloop
endfacet
facet normal -0 1 0
    outer loop
        vertex 18.417027 3 9.420719
        vertex 18.521452 3 9.602931
        vertex 24 3 3
    endloop
endfacet
facet normal -0 1 0
    outer loop
        vertex 18.521452 3 9.602931
        vertex 18.615482 3 9.788923
        vertex 24 3 3
    endloop
endfacet
facet normal -0 1 0
    outer loop
        vertex 18.615482 3 9.788923
        vertex 18.698988 3 9.977835
        vertex 24 3 3
    endloop
endfacet
facet normal -0 1 0
    outer loop
        vertex 18.698988 3 9.977835
        vertex 18.771929 3 10.168812
        vertex 24 3 3
    endloop
endfacet
facet normal -0 1 0
    outer loop
        vertex 18.771929 3 10.168812
        vertex 18.834352 3 10.361021
        vertex 24 3 3
    endloop
endfacet
facet normal -0 1 0
    outer loop
        vertex 18.834352 3 10.361021
        vertex 18.928225 3 10.74594
        vertex 24 3 3
    endloop
endfacet
facet normal 0 1 0
    outer loop
        vertex 18.982483 3 11.126614
        vertex 24 3 3
        vertex 18.928225 3 10.74594
    endloop
endfacet
facet normal 0 1 0
    outer loop
        vertex 6 3 3
        vertex 11.164321 3 10.365495
        vertex 11.2265 3 10.173265
    endloop
endfacet
facet normal -0 0.99999994 0
    outer loop
        vertex 18.982891 3 11.869011
        vertex 24 3 23
        vertex 24 3 3
    endloop
endfacet
facet normal 0 1 0
    outer loop
        vertex 19 3 11.5
        vertex 24 3 3
        vertex 18.982483 3 11.126614
    endloop
endfacet
facet normal 0 1 0
    outer loop
        vertex 16.51775 3 7.7991953
        vertex 24 3 3
        vertex 16.326733 3 7.7264996
    endloop
endfacet
facet normal 0 1 0
    outer loop
        vertex 11.004391 3 11.686296
        vertex 6 3 3
        vertex 6 3 23
    endloop
endfacet
facet normal -1 0 0
    outer loop
        vertex 27 6 23
        vertex 27 154 23
        vertex 27 6 3
    endloop
endfacet
facet normal -1 0 -0
    outer loop
        vertex 27 154 23
        vertex 27 154 3
        vertex 27 6 3
    endloop
endfacet
facet normal -0 -1 -0
    outer loop
        vertex 24 157 23
        vertex 6 157 23
        vertex 24 157 3
    endloop
endfacet
facet normal 0 -1 0
    outer loop
        vertex 6 157 23
        vertex 6 157 3
        vertex 24 157 3
    endloop
endfacet
facet normal 1 0 0
    outer loop
        vertex 3 154 23
        vertex 3 6 23
        vertex 3 154 3
    endloop
endfacet
facet normal 1 0 0
    outer loop
        vertex 3 6 23
        vertex 3 6 3
        vertex 3 154 3
    endloop
endfacet
facet normal 0 0 1
    outer loop
        vertex 27 154 3
        vertex 3 154 3
        vertex 3 6 3
    endloop
endfacet
facet normal 0 0 1
    outer loop
        vertex 27 154 3
        vertex 6 157 3
        vertex 3 154 3
    endloop
endfacet
facet normal 0 0 1
    outer loop
        vertex 3 154 3
        vertex 6 157 3
        vertex 3.0576441 154.58527 3
    endloop
endfacet
facet normal 0 0 1
    outer loop
        vertex 3.0576441 154.58527 3
        vertex 6 157 3
        vertex 3.2283614 155.14804 3
    endloop
endfacet
facet normal 0 0 0.99999994
    outer loop
        vertex 3.2283614 155.14804 3
        vertex 6 157 3
        vertex 3.5055912 155.6667 3
    endloop
endfacet
facet normal 0 0 1
    outer loop
        vertex 3.5055912 155.6667 3
        vertex 6 157 3
        vertex 3.8786795 156.1213 3
    endloop
endfacet
facet normal 0 0 1
    outer loop
        vertex 6 157 3
        vertex 4.8519497 156.77165 3
        vertex 4.333289 156.49442 3
    endloop
endfacet
facet normal 0 0 1
    outer loop
        vertex 3.8786795 156.1213 3
        vertex 6 157 3
        vertex 4.333289 156.49442 3
    endloop
endfacet
facet normal -0 0 1
    outer loop
        vertex 6 157 3
        vertex 27 154 3
        vertex 24 157 3
    endloop
endfacet
facet normal 0 0 1
    outer loop
        vertex 6 157 3
        vertex 5.414729 156.94235 3
        vertex 4.8519497 156.77165 3
    endloop
endfacet
facet normal 0 0 1
    outer loop
        vertex 24 157 3
        vertex 27 154 3
        vertex 24.585272 156.94235 3
    endloop
endfacet
facet normal 0 0 1
    outer loop
        vertex 24.585272 156.94235 3
        vertex 27 154 3
        vertex 25.14805 156.77165 3
    endloop
endfacet
facet normal 0 0 1
    outer loop
        vertex 25.14805 156.77165 3
        vertex 27 154 3
        vertex 25.66671 156.49442 3
    endloop
endfacet
facet normal 0 0 1
    outer loop
        vertex 27 154 3
        vertex 26.12132 156.1213 3
        vertex 25.66671 156.49442 3
    endloop
endfacet
facet normal 0 0 1
    outer loop
        vertex 26.771639 155.14804 3
        vertex 26.494408 155.6667 3
        vertex 27 154 3
    endloop
endfacet
facet normal 0 0 1
    outer loop
        vertex 27 154 3
        vertex 26.494408 155.6667 3
        vertex 26.12132 156.1213 3
    endloop
endfacet
facet normal 0 0 1
    outer loop
        vertex 26.942356 154.58527 3
        vertex 26.771639 155.14804 3
        vertex 27 154 3
    endloop
endfacet
facet normal 0 0 1
    outer loop
        vertex 27 154 3
        vertex 3 6 3
        vertex 27 6 3
    endloop
endfacet
facet normal -0 0 1
    outer loop
        vertex 3 6 3
        vertex 24 3 3
        vertex 27 6 3
    endloop
endfacet
facet normal 0 0 1
    outer loop
        vertex 27 6 3
        vertex 24 3 3
        vertex 26.942356 5.414729 3
    endloop
endfacet
facet normal 0 0 1
    outer loop
        vertex 26.942356 5.414729 3
        vertex 24 3 3
        vertex 26.771639 4.8519497 3
    endloop
endfacet
facet normal 0 0 1
    outer loop
        vertex 26.771639 4.8519497 3
        vertex 24 3 3
        vertex 26.494408 4.333289 3
    endloop
endfacet
facet normal 0 0 1
    outer loop
        vertex 26.494408 4.333289 3
        vertex 24 3 3
        vertex 26.12132 3.8786795 3
    endloop
endfacet
facet normal 0 0 1
    outer loop
        vertex 24 3 3
        vertex 25.14805 3.2283614 3
        vertex 25.66671 3.5055912 3
    endloop
endfacet
facet normal 0 0 1
    outer loop
        vertex 26.12132 3.8786795 3
        vertex 24 3 3
        vertex 25.66671 3.5055912 3
    endloop
endfacet
facet normal 0 0 1
    outer loop
        vertex 24 3 3
        vertex 3 6 3
        vertex 6 3 3
    endloop
endfacet
facet normal 0 0 1
    outer loop
        vertex 24 3 3
        vertex 24.585272 3.0576441 3
        vertex 25.14805 3.2283614 3
    endloop
endfacet
facet normal 0 0 0.99999994
    outer loop
        vertex 6 3 3
        vertex 3 6 3
        vertex 5.414729 3.0576441 3
    endloop
endfacet
facet normal 0 0 1
    outer loop
        vertex 5.414729 3.0576441 3
        vertex 3 6 3
        vertex 4.8519497 3.2283614 3
    endloop
endfacet
facet normal 0 0 0.99999994
    outer loop
        vertex 4.8519497 3.2283614 3
        vertex 3 6 3
        vertex 4.333289 3.5055912 3
    endloop
endfacet
facet normal 0 0 1
    outer loop
        vertex 3 6 3
        vertex 3.8786795 3.8786795 3
        vertex 4.333289 3.5055912 3
    endloop
endfacet
facet normal -0 -0 1
    outer loop
        vertex 3.2283614 4.8519497 3
        vertex 3.5055912 4.333289 3
        vertex 3 6 3
    endloop
endfacet
facet normal 0 0 0.99999994
    outer loop
        vertex 3 6 3
        vertex 3.5055912 4.333289 3
        vertex 3.8786795 3.8786795 3
    endloop
endfacet
facet normal -0 -0 1
    outer loop
        vertex 3.0576441 5.414729 3
        vertex 3.2283614 4.8519497 3
        vertex 3 6 3
    endloop
endfacet
facet normal -0.09801695 0.99518478 0
    outer loop
        vertex 24 3 23
        vertex 24.585272 3.0576441 23
        vertex 24 3 3
    endloop
endfacet
facet normal -0.09801695 0.99518478 0
    outer loop
        vertex 24.585272 3.0576441 23
        vertex 24.585272 3.0576441 3
        vertex 24 3 3
    endloop
endfacet
facet normal -0.29028508 0.95694017 0
    outer loop
        vertex 25.14805 3.2283614 23
        vertex 24.585272 3.0576441 3
        vertex 24.585272 3.0576441 23
    endloop
endfacet
facet normal -0.47139734 0.88192093 0
    outer loop
        vertex 25.66671 3.5055912 23
        vertex 25.14805 3.2283614 3
        vertex 25.14805 3.2283614 23
    endloop
endfacet
facet normal -0.63439214 0.77301133 0
    outer loop
        vertex 26.12132 3.8786795 23
        vertex 25.66671 3.5055912 3
        vertex 25.66671 3.5055912 23
    endloop
endfacet
facet normal -0.63439214 0.77301133 0
    outer loop
        vertex 26.12132 3.8786795 3
        vertex 25.66671 3.5055912 3
        vertex 26.12132 3.8786795 23
    endloop
endfacet
facet normal -0.77301168 0.63439167 0
    outer loop
        vertex 26.494408 4.333289 3
        vertex 26.12132 3.8786795 3
        vertex 26.494408 4.333289 23
    endloop
endfacet
facet normal -0.88192028 0.47139853 0
    outer loop
        vertex 26.771639 4.8519497 3
        vertex 26.494408 4.333289 3
        vertex 26.771639 4.8519497 23
    endloop
endfacet
facet normal -0.99518484 0.09801671 0
    outer loop
        vertex 26.942356 5.414729 3
        vertex 27 6 23
        vertex 27 6 3
    endloop
endfacet
facet normal -0.99518484 0.09801671 0
    outer loop
        vertex 26.942356 5.414729 23
        vertex 27 6 23
        vertex 26.942356 5.414729 3
    endloop
endfacet
facet normal -0.95694041 0.29028463 0
    outer loop
        vertex 26.942356 5.414729 23
        vertex 26.942356 5.414729 3
        vertex 26.771639 4.8519497 3
    endloop
endfacet
facet normal -0.95694041 0.29028463 0
    outer loop
        vertex 26.942356 5.414729 23
        vertex 26.771639 4.8519497 3
        vertex 26.771639 4.8519497 23
    endloop
endfacet
facet normal -0.88192028 0.47139853 0
    outer loop
        vertex 26.771639 4.8519497 23
        vertex 26.494408 4.333289 3
        vertex 26.494408 4.333289 23
    endloop
endfacet
facet normal -0.77301168 0.63439167 0
    outer loop
        vertex 26.494408 4.333289 23
        vertex 26.12132 3.8786795 3
        vertex 26.12132 3.8786795 23
    endloop
endfacet
facet normal -0.29028508 0.95694017 0
    outer loop
        vertex 24.585272 3.0576441 3
        vertex 25.14805 3.2283614 23
        vertex 25.14805 3.2283614 3
    endloop
endfacet
facet normal -0.47139734 0.88192093 0
    outer loop
        vertex 25.14805 3.2283614 3
        vertex 25.66671 3.5055912 23
        vertex 25.66671 3.5055912 3
    endloop
endfacet
facet normal -0.99518466 -0.09801749 -0
    outer loop
        vertex 27 154 23
        vertex 26.942356 154.58527 23
        vertex 27 154 3
    endloop
endfacet
facet normal -0.99518466 -0.09801749 -0
    outer loop
        vertex 26.942356 154.58527 23
        vertex 26.942356 154.58527 3
        vertex 27 154 3
    endloop
endfacet
facet normal -0.95693964 -0.29028687 0
    outer loop
        vertex 26.771639 155.14804 23
        vertex 26.942356 154.58527 3
        vertex 26.942356 154.58527 23
    endloop
endfacet
facet normal -0.88192064 -0.47139788 0
    outer loop
        vertex 26.494408 155.6667 23
        vertex 26.771639 155.14804 3
        vertex 26.771639 155.14804 23
    endloop
endfacet
facet normal -0.77300858 -0.63439542 0
    outer loop
        vertex 26.12132 156.1213 23
        vertex 26.494408 155.6667 3
        vertex 26.494408 155.6667 23
    endloop
endfacet
facet normal -0.77300858 -0.63439542 0
    outer loop
        vertex 26.12132 156.1213 3
        vertex 26.494408 155.6667 3
        vertex 26.12132 156.1213 23
    endloop
endfacet
facet normal -0.63441205 -0.77299511 0
    outer loop
        vertex 25.66671 156.49442 3
        vertex 26.12132 156.1213 3
        vertex 25.66671 156.49442 23
    endloop
endfacet
facet normal -0.47140679 -0.88191587 0
    outer loop
        vertex 25.14805 156.77165 3
        vertex 25.66671 156.49442 3
        vertex 25.14805 156.77165 23
    endloop
endfacet
facet normal -0.09802297 -0.99518418 0
    outer loop
        vertex 24.585272 156.94235 3
        vertex 24 157 23
        vertex 24 157 3
    endloop
endfacet
facet normal -0.09802297 -0.99518418 -0
    outer loop
        vertex 24.585272 156.94235 23
        vertex 24 157 23
        vertex 24.585272 156.94235 3
    endloop
endfacet
facet normal -0.29025835 -0.95694834 -0
    outer loop
        vertex 24.585272 156.94235 23
        vertex 24.585272 156.94235 3
        vertex 25.14805 156.77165 3
    endloop
endfacet
facet normal -0.29025835 -0.95694834 0
    outer loop
        vertex 24.585272 156.94235 23
        vertex 25.14805 156.77165 3
        vertex 25.14805 156.77165 23
    endloop
endfacet
facet normal -0.47140679 -0.88191587 0
    outer loop
        vertex 25.14805 156.77165 23
        vertex 25.66671 156.49442 3
        vertex 25.66671 156.49442 23
    endloop
endfacet
facet normal -0.63441205 -0.77299511 0
    outer loop
        vertex 25.66671 156.49442 23
        vertex 26.12132 156.1213 3
        vertex 26.12132 156.1213 23
    endloop
endfacet
facet normal -0.95693964 -0.29028687 0
    outer loop
        vertex 26.942356 154.58527 3
        vertex 26.771639 155.14804 23
        vertex 26.771639 155.14804 3
    endloop
endfacet
facet normal -0.88192064 -0.47139788 0
    outer loop
        vertex 26.771639 155.14804 3
        vertex 26.494408 155.6667 23
        vertex 26.494408 155.6667 3
    endloop
endfacet
facet normal 0.09802312 -0.99518412 0
    outer loop
        vertex 6 157 23
        vertex 5.414729 156.94235 23
        vertex 6 157 3
    endloop
endfacet
facet normal 0.09802312 -0.99518412 0
    outer loop
        vertex 5.414729 156.94235 23
        vertex 5.414729 156.94235 3
        vertex 6 157 3
    endloop
endfacet
facet normal 0.2902579 -0.95694846 0
    outer loop
        vertex 4.8519497 156.77165 23
        vertex 5.414729 156.94235 3
        vertex 5.414729 156.94235 23
    endloop
endfacet
facet normal 0.47140607 -0.88191617 0
    outer loop
        vertex 4.333289 156.49442 23
        vertex 4.8519497 156.77165 3
        vertex 4.8519497 156.77165 23
    endloop
endfacet
facet normal 0.634413 -0.77299422 0
    outer loop
        vertex 3.8786795 156.1213 23
        vertex 4.333289 156.49442 3
        vertex 4.333289 156.49442 23
    endloop
endfacet
facet normal 0.634413 -0.77299422 0
    outer loop
        vertex 3.8786795 156.1213 3
        vertex 4.333289 156.49442 3
        vertex 3.8786795 156.1213 23
    endloop
endfacet
facet normal 0.77300739 -0.63439685 0
    outer loop
        vertex 3.5055912 155.6667 3
        vertex 3.8786795 156.1213 3
        vertex 3.5055912 155.6667 23
    endloop
endfacet
facet normal 0.88192165 -0.47139597 0
    outer loop
        vertex 3.2283614 155.14804 3
        vertex 3.5055912 155.6667 3
        vertex 3.2283614 155.14804 23
    endloop
endfacet
facet normal 0.99518466 -0.09801789 0
    outer loop
        vertex 3.0576441 154.58527 3
        vertex 3 154 23
        vertex 3 154 3
    endloop
endfacet
facet normal 0.99518466 -0.09801789 0
    outer loop
        vertex 3.0576441 154.58527 23
        vertex 3 154 23
        vertex 3.0576441 154.58527 3
    endloop
endfacet
facet normal 0.95693964 -0.29028687 0
    outer loop
        vertex 3.0576441 154.58527 23
        vertex 3.0576441 154.58527 3
        vertex 3.2283614 155.14804 3
    endloop
endfacet
facet normal 0.95693964 -0.29028687 0
    outer loop
        vertex 3.0576441 154.58527 23
        vertex 3.2283614 155.14804 3
        vertex 3.2283614 155.14804 23
    endloop
endfacet
facet normal 0.88192165 -0.47139597 0
    outer loop
        vertex 3.2283614 155.14804 23
        vertex 3.5055912 155.6667 3
        vertex 3.5055912 155.6667 23
    endloop
endfacet
facet normal 0.77300739 -0.63439685 0
    outer loop
        vertex 3.5055912 155.6667 23
        vertex 3.8786795 156.1213 3
        vertex 3.8786795 156.1213 23
    endloop
endfacet
facet normal 0.2902579 -0.95694846 0
    outer loop
        vertex 5.414729 156.94235 3
        vertex 4.8519497 156.77165 23
        vertex 4.8519497 156.77165 3
    endloop
endfacet
facet normal 0.47140607 -0.88191617 0
    outer loop
        vertex 4.8519497 156.77165 3
        vertex 4.333289 156.49442 23
        vertex 4.333289 156.49442 3
    endloop
endfacet
facet normal 0.29028463 0.95694041 -0
    outer loop
        vertex 5.414729 3.0576441 3
        vertex 4.8519497 3.2283614 3
        vertex 5.414729 3.0576441 23
    endloop
endfacet
facet normal 0.47139665 0.88192123 -0
    outer loop
        vertex 4.8519497 3.2283614 3
        vertex 4.333289 3.5055912 3
        vertex 4.8519497 3.2283614 23
    endloop
endfacet
facet normal 0.47139665 0.88192123 -0
    outer loop
        vertex 4.333289 3.5055912 3
        vertex 4.333289 3.5055912 23
        vertex 4.8519497 3.2283614 23
    endloop
endfacet
facet normal 0.63439316 0.77301055 -0
    outer loop
        vertex 3.8786795 3.8786795 3
        vertex 3.8786795 3.8786795 23
        vertex 4.333289 3.5055912 23
    endloop
endfacet
facet normal 0.77301055 0.63439316 0
    outer loop
        vertex 3.5055912 4.333289 3
        vertex 3.8786795 3.8786795 23
        vertex 3.8786795 3.8786795 3
    endloop
endfacet
facet normal 0.88192123 0.47139665 0
    outer loop
        vertex 3.2283614 4.8519497 3
        vertex 3.5055912 4.333289 23
        vertex 3.5055912 4.333289 3
    endloop
endfacet
facet normal 0.88192123 0.47139665 0
    outer loop
        vertex 3.2283614 4.8519497 23
        vertex 3.5055912 4.333289 23
        vertex 3.2283614 4.8519497 3
    endloop
endfacet
facet normal 0.09801711 0.99518484 -0
    outer loop
        vertex 5.414729 3.0576441 3
        vertex 5.414729 3.0576441 23
        vertex 6 3 3
    endloop
endfacet
facet normal 0.99518484 0.09801711 0
    outer loop
        vertex 3 6 23
        vertex 3.0576441 5.414729 23
        vertex 3 6 3
    endloop
endfacet
facet normal 0.99518484 0.09801711 0
    outer loop
        vertex 3.0576441 5.414729 23
        vertex 3.0576441 5.414729 3
        vertex 3 6 3
    endloop
endfacet
facet normal 0.95694041 0.29028463 0
    outer loop
        vertex 3.2283614 4.8519497 23
        vertex 3.0576441 5.414729 3
        vertex 3.0576441 5.414729 23
    endloop
endfacet
facet normal 0.63439316 0.77301055 -0
    outer loop
        vertex 4.333289 3.5055912 3
        vertex 3.8786795 3.8786795 3
        vertex 4.333289 3.5055912 23
    endloop
endfacet
facet normal 0.09801711 0.99518484 0
    outer loop
        vertex 5.414729 3.0576441 23
        vertex 6 3 23
        vertex 6 3 3
    endloop
endfacet
facet normal 0.77301055 0.63439316 -0
    outer loop
        vertex 3.5055912 4.333289 3
        vertex 3.5055912 4.333289 23
        vertex 3.8786795 3.8786795 23
    endloop
endfacet
facet normal 0.95694041 0.29028463 0
    outer loop
        vertex 3.0576441 5.414729 3
        vertex 3.2283614 4.8519497 23
        vertex 3.2283614 4.8519497 3
    endloop
endfacet
facet normal 0.29028463 0.95694041 -0
    outer loop
        vertex 4.8519497 3.2283614 3
        vertex 4.8519497 3.2283614 23
        vertex 5.414729 3.0576441 23
    endloop
endfacet
facet normal 0.99893624 -0.00002447 0.04611345
    outer loop
        vertex 11 -0 11.5
        vertex 11.017108 3 11.130989
        vertex 11.000073 3 11.500001
    endloop
endfacet
facet normal 0.99516433 0.00638122 0.09801579
    outer loop
        vertex 11.076859 -0 10.719638
        vertex 11.017108 3 11.130989
        vertex 11 -0 11.5
    endloop
endfacet
facet normal 0.98911017 -0.00048006 0.14717597
    outer loop
        vertex 11.080133 3 10.70742
        vertex 11.017108 3 11.130989
        vertex 11.076859 -0 10.719638
    endloop
endfacet
facet normal 0.97100091 -0.00008604 0.23907581
    outer loop
        vertex 11.080133 3 10.70742
        vertex 11.076859 -0 10.719638
        vertex 11.164321 3 10.365495
    endloop
endfacet
facet normal 0.95692122 0.00636872 0.29027784
    outer loop
        vertex 11.076859 -0 10.719638
        vertex 11.3044815 -0 9.969266
        vertex 11.164321 3 10.365495
    endloop
endfacet
facet normal 0.95145684 0.0038046 0.3077589
    outer loop
        vertex 11.3044815 -0 9.969266
        vertex 11.2265 3 10.173265
        vertex 11.164321 3 10.365495
    endloop
endfacet
facet normal 0.93460637 0.00010771 0.35568368
    outer loop
        vertex 11.299194 3 9.98225
        vertex 11.2265 3 10.173265
        vertex 11.3044815 -0 9.969266
    endloop
endfacet
facet normal 0.91510916 -0.00013233 0.40320629
    outer loop
        vertex 11.299194 3 9.98225
        vertex 11.3044815 -0 9.969266
        vertex 11.382456 3 9.793282
    endloop
endfacet
facet normal 0.89297163 0.00319399 0.45010149
    outer loop
        vertex 11.3044815 -0 9.969266
        vertex 11.476244 3 9.607212
        vertex 11.382456 3 9.793282
    endloop
endfacet
facet normal 0.88190264 0.00639671 0.47138816
    outer loop
        vertex 11.674122 -0 9.2777195
        vertex 11.476244 3 9.607212
        vertex 11.3044815 -0 9.969266
    endloop
endfacet
facet normal 0.8682217 0.00277264 0.49616885
    outer loop
        vertex 11.58043 3 9.424902
        vertex 11.476244 3 9.607212
        vertex 11.674122 -0 9.2777195
    endloop
endfacet
facet normal 0.84090304 -0.0002891 0.54118556
    outer loop
        vertex 11.58043 3 9.424902
        vertex 11.674122 -0 9.2777195
        vertex 11.694792 3 9.247205
    endloop
endfacet
facet normal 0.81107002 0.0003616 0.58494902
    outer loop
        vertex 11.674122 -0 9.2777195
        vertex 11.819017 3 9.074958
        vertex 11.694792 3 9.247205
    endloop
endfacet
facet normal 0.77881575 0.00477739 0.62723452
    outer loop
        vertex 11.952701 3 8.908968
        vertex 11.819017 3 9.074958
        vertex 11.674122 -0 9.2777195
    endloop
endfacet
facet normal 0.77299619 0.00619613 0.63438034
    outer loop
        vertex 11.952701 3 8.908968
        vertex 11.674122 -0 9.2777195
        vertex 12.171573 -0 8.671573
    endloop
endfacet
facet normal 0.09375691 0.00436492 0.9955855
    outer loop
        vertex 14.813704 3 7.504391
        vertex 14.437151 3 7.539852
        vertex 15 -0 7.5
    endloop
endfacet
facet normal 0.098016 0.0051695 0.99517143
    outer loop
        vertex 14.437151 3 7.539852
        vertex 14.219639 -0 7.576859
        vertex 15 -0 7.5
    endloop
endfacet
facet normal -0.99890137 0 0.04686257
    outer loop
        vertex 19 3 11.5
        vertex 18.982483 3 11.126614
        vertex 19 -0 11.5
    endloop
endfacet
facet normal -0.99516439 0.00638831 0.09801458
    outer loop
        vertex 18.982483 3 11.126614
        vertex 18.923141 -0 10.719638
        vertex 19 -0 11.5
    endloop
endfacet
facet normal -0.98999441 0.00044027 0.14110641
    outer loop
        vertex 18.928225 3 10.74594
        vertex 18.923141 -0 10.719638
        vertex 18.982483 3 11.126614
    endloop
endfacet
facet normal -0.9715265 -0.00043116 0.23693079
    outer loop
        vertex 18.834352 3 10.361021
        vertex 18.923141 -0 10.719638
        vertex 18.928225 3 10.74594
    endloop
endfacet
facet normal -0.9569208 0.0063783 0.29027894
    outer loop
        vertex 18.695518 -0 9.969266
        vertex 18.923141 -0 10.719638
        vertex 18.834352 3 10.361021
    endloop
endfacet
facet normal -0.95109206 0.00367879 0.30888572
    outer loop
        vertex 18.695518 -0 9.969266
        vertex 18.834352 3 10.361021
        vertex 18.771929 3 10.168812
    endloop
endfacet
facet normal -0.93418199 0.00006127 0.35679674
    outer loop
        vertex 18.695518 -0 9.969266
        vertex 18.771929 3 10.168812
        vertex 18.698988 3 9.977835
    endloop
endfacet
facet normal -0.91462725 -0.00009702 0.40429807
    outer loop
        vertex 18.695518 -0 9.969266
        vertex 18.698988 3 9.977835
        vertex 18.615482 3 9.788923
    endloop
endfacet
facet normal -0.89242846 0.00331329 0.45117682
    outer loop
        vertex 18.695518 -0 9.969266
        vertex 18.615482 3 9.788923
        vertex 18.521452 3 9.602931
    endloop
endfacet
facet normal -0.88190269 0.00639207 0.47138819
    outer loop
        vertex 18.695518 -0 9.969266
        vertex 18.521452 3 9.602931
        vertex 18.325878 -0 9.2777195
    endloop
endfacet
facet normal -0.86761516 0.00265936 0.49722931
    outer loop
        vertex 18.521452 3 9.602931
        vertex 18.417027 3 9.420719
        vertex 18.325878 -0 9.2777195
    endloop
endfacet
facet normal -0.84024096 -0.00031657 0.5422132
    outer loop
        vertex 18.417027 3 9.420719
        vertex 18.302433 3 9.243139
        vertex 18.325878 -0 9.2777195
    endloop
endfacet
facet normal -0.81034696 0.0004212 0.58595031
    outer loop
        vertex 18.302433 3 9.243139
        vertex 18.177982 3 9.071029
        vertex 18.325878 -0 9.2777195
    endloop
endfacet
facet normal -0.77299833 0.00559932 0.63438326
    outer loop
        vertex 18.177982 3 9.071029
        vertex 17.828426 -0 8.671573
        vertex 18.325878 -0 9.2777195
    endloop
endfacet
facet normal -0.76099437 0.00228709 0.64875442
    outer loop
        vertex 17.901232 3 8.746398
        vertex 17.828426 -0 8.671573
        vertex 18.177982 3 9.071029
    endloop
endfacet
facet normal -0.70666701 -0.00049772 0.707546
    outer loop
        vertex 17.749998 3 8.595352
        vertex 17.828426 -0 8.671573
        vertex 17.901232 3 8.746398
    endloop
endfacet
facet normal -0.66788238 0.00144914 0.7442655
    outer loop
        vertex 17.591032 3 8.452701
        vertex 17.828426 -0 8.671573
        vertex 17.749998 3 8.595352
    endloop
endfacet
facet normal -0.63438213 0.00619608 0.77299476
    outer loop
        vertex 17.222282 -0 8.174122
        vertex 17.828426 -0 8.671573
        vertex 17.591032 3 8.452701
    endloop
endfacet
facet normal -0.62723505 0.0047771 0.77881533
    outer loop
        vertex 17.222282 -0 8.174122
        vertex 17.591032 3 8.452701
        vertex 17.425041 3 8.319016
    endloop
endfacet
facet normal -0.58495027 0.00036143 0.81106901
    outer loop
        vertex 17.222282 -0 8.174122
        vertex 17.425041 3 8.319016
        vertex 17.252796 3 8.194792
    endloop
endfacet
facet normal -0.54119086 -0.00028919 0.84089971
    outer loop
        vertex 17.222282 -0 8.174122
        vertex 17.252796 3 8.194792
        vertex 17.0751 3 8.080429
    endloop
endfacet
facet normal -0.49616152 0.00277341 0.86822587
    outer loop
        vertex 17.222282 -0 8.174122
        vertex 17.0751 3 8.080429
        vertex 16.892788 3 7.976244
    endloop
endfacet
facet normal -0.47138616 0.0063967 0.88190371
    outer loop
        vertex 17.222282 -0 8.174122
        vertex 16.892788 3 7.976244
        vertex 16.530733 -0 7.804482
    endloop
endfacet
facet normal -0.45009968 0.00319401 0.89297259
    outer loop
        vertex 16.892788 3 7.976244
        vertex 16.706718 3 7.8824563
        vertex 16.530733 -0 7.804482
    endloop
endfacet
facet normal -0.40320432 -0.00013234 0.91510999
    outer loop
        vertex 16.706718 3 7.8824563
        vertex 16.51775 3 7.7991953
        vertex 16.530733 -0 7.804482
    endloop
endfacet
facet normal -0.35568467 0.00010767 0.93460602
    outer loop
        vertex 16.51775 3 7.7991953
        vertex 16.326733 3 7.7264996
        vertex 16.530733 -0 7.804482
    endloop
endfacet
facet normal -0.290281 0.00513536 0.9569276
    outer loop
        vertex 16.326733 3 7.7264996
        vertex 15.780361 -0 7.576859
        vertex 16.530733 -0 7.804482
    endloop
endfacet
facet normal -0.28623316 0.00433717 0.95815021
    outer loop
        vertex 15.972054 3 7.6205444
        vertex 15.780361 -0 7.576859
        vertex 16.326733 3 7.7264996
    endloop
endfacet
facet normal -0.19290854 -0.0019619 0.98121476
    outer loop
        vertex 15.558424 3 7.539224
        vertex 15.780361 -0 7.576859
        vertex 15.972054 3 7.6205444
    endloop
endfacet
facet normal -0.09801596 0.00523324 0.99517107
    outer loop
        vertex 15 -0 7.5
        vertex 15.780361 -0 7.576859
        vertex 15.558424 3 7.539224
    endloop
endfacet
facet normal -0.09266284 0.00423004 0.99568856
    outer loop
        vertex 15 -0 7.5
        vertex 15.558424 3 7.539224
        vertex 15.181982 3 7.504191
    endloop
endfacet
facet normal 0.0005438 -0.00142996 0.99999881
    outer loop
        vertex 15 -0 7.5
        vertex 15.181982 3 7.504191
        vertex 14.813704 3 7.504391
    endloop
endfacet
facet normal 0.18888502 -0.00158138 0.98199797
    outer loop
        vertex 14.219639 -0 7.576859
        vertex 14.437151 3 7.539852
        vertex 14.053654 3 7.613617
    endloop
endfacet
facet normal 0.26075718 0.00259855 0.96540087
    outer loop
        vertex 14.219639 -0 7.576859
        vertex 14.053654 3 7.613617
        vertex 13.861021 3 7.6656475
    endloop
endfacet
facet normal 0.29027894 0.00637854 0.9569208
    outer loop
        vertex 14.219639 -0 7.576859
        vertex 13.861021 3 7.6656475
        vertex 13.469267 -0 7.804482
    endloop
endfacet
facet normal 0.30888069 0.00367976 0.95109367
    outer loop
        vertex 13.861021 3 7.6656475
        vertex 13.668813 3 7.72807
        vertex 13.469267 -0 7.804482
    endloop
endfacet
facet normal 0.35679522 0.00006198 0.9341827
    outer loop
        vertex 13.668813 3 7.72807
        vertex 13.477835 3 7.8010106
        vertex 13.469267 -0 7.804482
    endloop
endfacet
facet normal 0.40430191 -0.00009632 0.91462553
    outer loop
        vertex 13.477835 3 7.8010106
        vertex 13.288923 3 7.884517
        vertex 13.469267 -0 7.804482
    endloop
endfacet
facet normal 0.45118231 0.00331412 0.89242566
    outer loop
        vertex 13.288923 3 7.884517
        vertex 13.102932 3 7.9785485
        vertex 13.469267 -0 7.804482
    endloop
endfacet
facet normal 0.4713867 0.00639184 0.88190347
    outer loop
        vertex 13.102932 3 7.9785485
        vertex 12.777719 -0 8.174122
        vertex 13.469267 -0 7.804482
    endloop
endfacet
facet normal 0.49722022 0.00266023 0.86762023
    outer loop
        vertex 12.920718 3 8.082973
        vertex 12.777719 -0 8.174122
        vertex 13.102932 3 7.9785485
    endloop
endfacet
facet normal 0.54221642 -0.00031651 0.84023887
    outer loop
        vertex 12.743138 3 8.197567
        vertex 12.777719 -0 8.174122
        vertex 12.920718 3 8.082973
    endloop
endfacet
facet normal 0.58595246 0.00042124 0.81034541
    outer loop
        vertex 12.571029 3 8.322018
        vertex 12.777719 -0 8.174122
        vertex 12.743138 3 8.197567
    endloop
endfacet
facet normal 0.62819564 0.00492428 0.77803981
    outer loop
        vertex 12.405193 3 8.4559145
        vertex 12.777719 -0 8.174122
        vertex 12.571029 3 8.322018
    endloop
endfacet
facet normal 0.63438106 0.00616613 0.77299589
    outer loop
        vertex 12.171573 -0 8.671573
        vertex 12.777719 -0 8.174122
        vertex 12.405193 3 8.4559145
    endloop
endfacet
facet normal 0.66880107 0.00136108 0.74344021
    outer loop
        vertex 12.171573 -0 8.671573
        vertex 12.405193 3 8.4559145
        vertex 12.246398 3 8.598767
    endloop
endfacet
facet normal 0.707546 -0.00049772 0.70666701
    outer loop
        vertex 12.171573 -0 8.671573
        vertex 12.246398 3 8.598767
        vertex 12.095352 3 8.750001
    endloop
endfacet
facet normal 0.74426746 0.00144926 0.66788012
    outer loop
        vertex 12.171573 -0 8.671573
        vertex 12.095352 3 8.750001
        vertex 11.952701 3 8.908968
    endloop
endfacet
facet normal 0.99518466 -0.09801812 0
    outer loop
        vertex -14.0768585 147.21965 -19
        vertex -14 148 -19
        vertex -14.0768585 147.21965 0
    endloop
endfacet
facet normal 0.95694131 -0.29028147 0
    outer loop
        vertex -14.3044815 146.46927 -19
        vertex -14.0768585 147.21965 -19
        vertex -14.0768585 147.21965 0
    endloop
endfacet
facet normal 0.88192421 -0.47139123 0
    outer loop
        vertex -14.674122 145.77771 -19
        vertex -14.3044815 146.46927 -19
        vertex -14.3044815 146.46927 0
    endloop
endfacet
facet normal 0.88192421 -0.47139123 0
    outer loop
        vertex -14.674122 145.77771 0
        vertex -14.674122 145.77771 -19
        vertex -14.3044815 146.46927 0
    endloop
endfacet
facet normal 0.77300769 -0.63439673 0
    outer loop
        vertex -15.171573 145.17157 0
        vertex -15.171573 145.17157 -19
        vertex -14.674122 145.77771 0
    endloop
endfacet
facet normal 0.63439381 -0.77301002 0
    outer loop
        vertex -15.171573 145.17157 0
        vertex -15.777719 144.67412 -19
        vertex -15.171573 145.17157 -19
    endloop
endfacet
facet normal 0.47138542 -0.88192731 0
    outer loop
        vertex -15.777719 144.67412 0
        vertex -16.469267 144.30449 -19
        vertex -15.777719 144.67412 -19
    endloop
endfacet
facet normal 0.47138542 -0.88192731 0
    outer loop
        vertex -15.777719 144.67412 0
        vertex -16.469267 144.30449 0
        vertex -16.469267 144.30449 -19
    endloop
endfacet
facet normal 0.29029378 -0.95693761 0
    outer loop
        vertex -16.469267 144.30449 0
        vertex -17.219639 144.07686 0
        vertex -17.219639 144.07686 -19
    endloop
endfacet
facet normal 0.0980167 -0.99518478 0
    outer loop
        vertex -17.219639 144.07686 -19
        vertex -17.219639 144.07686 0
        vertex -18 144 -19
    endloop
endfacet
facet normal -0.0980167 -0.99518478 0
    outer loop
        vertex -18 144 -19
        vertex -18 144 0
        vertex -18.780361 144.07686 -19
    endloop
endfacet
facet normal -0.0980167 -0.99518478 0
    outer loop
        vertex -18.780361 144.07686 -19
        vertex -18 144 0
        vertex -18.780361 144.07686 0
    endloop
endfacet
facet normal -0.29029378 -0.95693761 0
    outer loop
        vertex -19.530733 144.30449 -19
        vertex -18.780361 144.07686 0
        vertex -19.530733 144.30449 0
    endloop
endfacet
facet normal -0.47138596 -0.88192707 0
    outer loop
        vertex -20.22228 144.67412 -19
        vertex -19.530733 144.30449 -19
        vertex -19.530733 144.30449 0
    endloop
endfacet
facet normal -0.63439262 -0.77301097 0
    outer loop
        vertex -20.828428 145.17157 -19
        vertex -20.22228 144.67412 -19
        vertex -20.22228 144.67412 0
    endloop
endfacet
facet normal -0.99518466 -0.09801812 -0
    outer loop
        vertex -22 148 0
        vertex -22 148 -19
        vertex -21.923141 147.21965 0
    endloop
endfacet
facet normal -0.99518466 -0.09801812 -0
    outer loop
        vertex -21.923141 147.21965 0
        vertex -22 148 -19
        vertex -21.923141 147.21965 -19
    endloop
endfacet
facet normal -0.95694131 -0.29028147 0
    outer loop
        vertex -21.695518 146.46927 0
        vertex -21.923141 147.21965 0
        vertex -21.923141 147.21965 -19
    endloop
endfacet
facet normal -0.95694131 -0.29028147 0
    outer loop
        vertex -21.695518 146.46927 -19
        vertex -21.695518 146.46927 0
        vertex -21.923141 147.21965 -19
    endloop
endfacet
facet normal -0.88192421 -0.47139123 0
    outer loop
        vertex -21.695518 146.46927 -19
        vertex -21.325878 145.77771 0
        vertex -21.695518 146.46927 0
    endloop
endfacet
facet normal -0.88192421 -0.47139123 0
    outer loop
        vertex -21.695518 146.46927 -19
        vertex -21.325878 145.77771 -19
        vertex -21.325878 145.77771 0
    endloop
endfacet
facet normal -0.77300829 -0.63439596 -0
    outer loop
        vertex -21.325878 145.77771 0
        vertex -21.325878 145.77771 -19
        vertex -20.828428 145.17157 0
    endloop
endfacet
facet normal -0.77300829 -0.63439596 -0
    outer loop
        vertex -20.828428 145.17157 0
        vertex -21.325878 145.77771 -19
        vertex -20.828428 145.17157 -19
    endloop
endfacet
facet normal -0.63439262 -0.77301097 0
    outer loop
        vertex -20.22228 144.67412 0
        vertex -20.828428 145.17157 0
        vertex -20.828428 145.17157 -19
    endloop
endfacet
facet normal -0.47138596 -0.88192707 0
    outer loop
        vertex -19.530733 144.30449 0
        vertex -20.22228 144.67412 0
        vertex -20.22228 144.67412 -19
    endloop
endfacet
facet normal -0.29029378 -0.95693761 -0
    outer loop
        vertex -18.780361 144.07686 0
        vertex -19.530733 144.30449 -19
        vertex -18.780361 144.07686 -19
    endloop
endfacet
facet normal 0.0980167 -0.99518478 0
    outer loop
        vertex -18 144 0
        vertex -18 144 -19
        vertex -17.219639 144.07686 0
    endloop
endfacet
facet normal 0.29029378 -0.95693761 0
    outer loop
        vertex -17.219639 144.07686 -19
        vertex -16.469267 144.30449 -19
        vertex -16.469267 144.30449 0
    endloop
endfacet
facet normal 0.63439381 -0.77301002 0
    outer loop
        vertex -15.777719 144.67412 -19
        vertex -15.171573 145.17157 0
        vertex -15.777719 144.67412 0
    endloop
endfacet
facet normal 0.77300769 -0.63439673 0
    outer loop
        vertex -14.674122 145.77771 -19
        vertex -14.674122 145.77771 0
        vertex -15.171573 145.17157 -19
    endloop
endfacet
facet normal 0.99518466 -0.09801812 0
    outer loop
        vertex -14.0768585 147.21965 0
        vertex -14 148 -19
        vertex -14 148 0
    endloop
endfacet
facet normal 0.95694131 -0.29028147 0
    outer loop
        vertex -14.3044815 146.46927 -19
        vertex -14.0768585 147.21965 0
        vertex -14.3044815 146.46927 0
    endloop
endfacet
facet normal 0 0 1
    outer loop
        vertex -21.695518 146.46927 0
        vertex -22 148 0
        vertex -21.923141 147.21965 0
    endloop
endfacet
facet normal 0 0 1
    outer loop
        vertex -21.325878 145.77771 0
        vertex -22 148 0
        vertex -21.695518 146.46927 0
    endloop
endfacet
facet normal 0 0 0.99999994
    outer loop
        vertex -20.828428 145.17157 0
        vertex -22 148 0
        vertex -21.325878 145.77771 0
    endloop
endfacet
facet normal 0 0 1
    outer loop
        vertex -20.22228 144.67412 0
        vertex -22 148 0
        vertex -20.828428 145.17157 0
    endloop
endfacet
facet normal -0 -0 1
    outer loop
        vertex -19.530733 144.30449 0
        vertex -18.780361 144.07686 0
        vertex -22 148 0
    endloop
endfacet
facet normal 0 0 1
    outer loop
        vertex -19.530733 144.30449 0
        vertex -22 148 0
        vertex -20.22228 144.67412 0
    endloop
endfacet
facet normal -0 -0 1
    outer loop
        vertex -18.780361 144.07686 0
        vertex -18 144 0
        vertex -22 148 0
    endloop
endfacet
facet normal 0 -0 1
    outer loop
        vertex -18 144 0
        vertex -17.219639 144.07686 0
        vertex -22 148 0
    endloop
endfacet
facet normal 0 0 1
    outer loop
        vertex -22 148 0
        vertex -17.219639 144.07686 0
        vertex -16.469267 144.30449 0
    endloop
endfacet
facet normal 0 0 1
    outer loop
        vertex -22 148 0
        vertex -16.469267 144.30449 0
        vertex -15.777719 144.67412 0
    endloop
endfacet
facet normal 0 0 1
    outer loop
        vertex -22 148 0
        vertex -15.777719 144.67412 0
        vertex -15.171573 145.17157 0
    endloop
endfacet
facet normal 0 0 1
    outer loop
        vertex -14.3044815 146.46927 0
        vertex -22 148 0
        vertex -14.674122 145.77771 0
    endloop
endfacet
facet normal 0 0 1
    outer loop
        vertex -22 148 0
        vertex -15.171573 145.17157 0
        vertex -14.674122 145.77771 0
    endloop
endfacet
facet normal 0 -0 1
    outer loop
        vertex -14.0768585 147.21965 0
        vertex -14 148 0
        vertex -22 148 0
    endloop
endfacet
facet normal 0 0 1
    outer loop
        vertex -14 148 0
        vertex -14.0768585 148.78036 0
        vertex -22 148 0
    endloop
endfacet
facet normal 0 0 1
    outer loop
        vertex -22 148 0
        vertex -14.0768585 148.78036 0
        vertex -14.3044815 149.53073 0
    endloop
endfacet
facet normal 0 0 1
    outer loop
        vertex -22 148 0
        vertex -14.3044815 149.53073 0
        vertex -14.674122 150.22229 0
    endloop
endfacet
facet normal 0 0 1
    outer loop
        vertex -22 148 0
        vertex -14.674122 150.22229 0
        vertex -15.171573 150.82841 0
    endloop
endfacet
facet normal 0 0 1
    outer loop
        vertex -16.469267 151.69553 0
        vertex -22 148 0
        vertex -15.777719 151.32588 0
    endloop
endfacet
facet normal 0 0 1
    outer loop
        vertex -22 148 0
        vertex -15.171573 150.82841 0
        vertex -15.777719 151.32588 0
    endloop
endfacet
facet normal 0 0 1
    outer loop
        vertex -17.219639 151.92314 0
        vertex -22 148 0
        vertex -16.469267 151.69553 0
    endloop
endfacet
facet normal 0 0 1
    outer loop
        vertex -18 152 0
        vertex -22 148 0
        vertex -17.219639 151.92314 0
    endloop
endfacet
facet normal 0 0 1
    outer loop
        vertex -18 152 0
        vertex -18.780361 151.92314 0
        vertex -22 148 0
    endloop
endfacet
facet normal 0 0 1
    outer loop
        vertex -18.780361 151.92314 0
        vertex -19.530733 151.69553 0
        vertex -22 148 0
    endloop
endfacet
facet normal 0 0 0.99999994
    outer loop
        vertex -19.530733 151.69553 0
        vertex -20.22228 151.32588 0
        vertex -22 148 0
    endloop
endfacet
facet normal 0 0 0.99999994
    outer loop
        vertex -22 148 0
        vertex -20.828428 150.82841 0
        vertex -21.325878 150.22229 0
    endloop
endfacet
facet normal 0 0 1
    outer loop
        vertex -20.22228 151.32588 0
        vertex -20.828428 150.82841 0
        vertex -22 148 0
    endloop
endfacet
facet normal 0 0 1
    outer loop
        vertex -22 148 0
        vertex -21.325878 150.22229 0
        vertex -21.695518 149.53073 0
    endloop
endfacet
facet normal 0 0 1
    outer loop
        vertex -22 148 0
        vertex -21.695518 149.53073 0
        vertex -21.923141 148.78036 0
    endloop
endfacet
facet normal 0 0 1
    outer loop
        vertex -14.0768585 147.21965 0
        vertex -22 148 0
        vertex -14.3044815 146.46927 0
    endloop
endfacet
facet normal 0 0 -1
    outer loop
        vertex -21.695518 146.46927 -19
        vertex -21.923141 147.21965 -19
        vertex -22 148 -19
    endloop
endfacet
facet normal 0 0 -1
    outer loop
        vertex -21.325878 145.77771 -19
        vertex -21.695518 146.46927 -19
        vertex -22 148 -19
    endloop
endfacet
facet normal 0 0 -0.99999994
    outer loop
        vertex -20.828428 145.17157 -19
        vertex -21.325878 145.77771 -19
        vertex -22 148 -19
    endloop
endfacet
facet normal 0 0 -1
    outer loop
        vertex -20.22228 144.67412 -19
        vertex -20.828428 145.17157 -19
        vertex -22 148 -19
    endloop
endfacet
facet normal 0 0 -1
    outer loop
        vertex -19.530733 144.30449 -19
        vertex -22 148 -19
        vertex -18.780361 144.07686 -19
    endloop
endfacet
facet normal 0 0 -1
    outer loop
        vertex -19.530733 144.30449 -19
        vertex -20.22228 144.67412 -19
        vertex -22 148 -19
    endloop
endfacet
facet normal 0 0 -1
    outer loop
        vertex -18.780361 144.07686 -19
        vertex -22 148 -19
        vertex -18 144 -19
    endloop
endfacet
facet normal 0 0 -1
    outer loop
        vertex -18 144 -19
        vertex -22 148 -19
        vertex -17.219639 144.07686 -19
    endloop
endfacet
facet normal 0 0 -1
    outer loop
        vertex -22 148 -19
        vertex -16.469267 144.30449 -19
        vertex -17.219639 144.07686 -19
    endloop
endfacet
facet normal 0 0 -1
    outer loop
        vertex -22 148 -19
        vertex -15.777719 144.67412 -19
        vertex -16.469267 144.30449 -19
    endloop
endfacet
facet normal 0 0 -1
    outer loop
        vertex -22 148 -19
        vertex -15.171573 145.17157 -19
        vertex -15.777719 144.67412 -19
    endloop
endfacet
facet normal -0 0 -1
    outer loop
        vertex -14.3044815 146.46927 -19
        vertex -14.674122 145.77771 -19
        vertex -22 148 -19
    endloop
endfacet
facet normal 0 0 -1
    outer loop
        vertex -22 148 -19
        vertex -14.674122 145.77771 -19
        vertex -15.171573 145.17157 -19
    endloop
endfacet
facet normal 0 0 -1
    outer loop
        vertex -14.0768585 147.21965 -19
        vertex -22 148 -19
        vertex -14 148 -19
    endloop
endfacet
facet normal 0 0 -1
    outer loop
        vertex -14 148 -19
        vertex -22 148 -19
        vertex -14.0768585 148.78036 -19
    endloop
endfacet
facet normal 0 0 -1
    outer loop
        vertex -22 148 -19
        vertex -14.3044815 149.53073 -19
        vertex -14.0768585 148.78036 -19
    endloop
endfacet
facet normal 0 0 -1
    outer loop
        vertex -22 148 -19
        vertex -14.674122 150.22229 -19
        vertex -14.3044815 149.53073 -19
    endloop
endfacet
facet normal 0 0 -1
    outer loop
        vertex -22 148 -19
        vertex -15.171573 150.82841 -19
        vertex -14.674122 150.22229 -19
    endloop
endfacet
facet normal 0 -0 -1
    outer loop
        vertex -16.469267 151.69553 -19
        vertex -15.777719 151.32588 -19
        vertex -22 148 -19
    endloop
endfacet
facet normal 0 0 -1
    outer loop
        vertex -22 148 -19
        vertex -15.777719 151.32588 -19
        vertex -15.171573 150.82841 -19
    endloop
endfacet
facet normal 0 -0 -1
    outer loop
        vertex -17.219639 151.92314 -19
        vertex -16.469267 151.69553 -19
        vertex -22 148 -19
    endloop
endfacet
facet normal 0 -0 -1
    outer loop
        vertex -18 152 -19
        vertex -17.219639 151.92314 -19
        vertex -22 148 -19
    endloop
endfacet
facet normal 0 0 -1
    outer loop
        vertex -18 152 -19
        vertex -22 148 -19
        vertex -18.780361 151.92314 -19
    endloop
endfacet
facet normal 0 0 -1
    outer loop
        vertex -18.780361 151.92314 -19
        vertex -22 148 -19
        vertex -19.530733 151.69553 -19
    endloop
endfacet
facet normal 0 0 -0.99999994
    outer loop
        vertex -19.530733 151.69553 -19
        vertex -22 148 -19
        vertex -20.22228 151.32588 -19
    endloop
endfacet
facet normal 0 0 -0.99999994
    outer loop
        vertex -22 148 -19
        vertex -21.325878 150.22229 -19
        vertex -20.828428 150.82841 -19
    endloop
endfacet
facet normal 0 0 -1
    outer loop
        vertex -20.22228 151.32588 -19
        vertex -22 148 -19
        vertex -20.828428 150.82841 -19
    endloop
endfacet
facet normal 0 0 -1
    outer loop
        vertex -22 148 -19
        vertex -21.695518 149.53073 -19
        vertex -21.325878 150.22229 -19
    endloop
endfacet
facet normal 0 0 -1
    outer loop
        vertex -22 148 -19
        vertex -21.923141 148.78036 -19
        vertex -21.695518 149.53073 -19
    endloop
endfacet
facet normal -0 0 -1
    outer loop
        vertex -14.0768585 147.21965 -19
        vertex -14.3044815 146.46927 -19
        vertex -22 148 -19
    endloop
endfacet
facet normal 0.99973154 -0.00002446 -0.02316816
    outer loop
        vertex 11.000073 3 11.500001
        vertex 11.004391 3 11.686296
        vertex 11 -0 11.5
    endloop
endfacet
facet normal 0.99558544 0.00436518 -0.0937584
    outer loop
        vertex 11.004391 3 11.686296
        vertex 11.039852 3 12.062848
        vertex 11 -0 11.5
    endloop
endfacet
facet normal 0.99517131 0.00516956 -0.09801648
    outer loop
        vertex 11.039852 3 12.062848
        vertex 11.076859 -0 12.280362
        vertex 11 -0 11.5
    endloop
endfacet
facet normal 0.98199797 -0.00158134 -0.18888502
    outer loop
        vertex 11.113617 3 12.446345
        vertex 11.076859 -0 12.280362
        vertex 11.039852 3 12.062848
    endloop
endfacet
facet normal 0.96540123 0.00259847 -0.26075599
    outer loop
        vertex 11.1656475 3 12.638979
        vertex 11.076859 -0 12.280362
        vertex 11.113617 3 12.446345
    endloop
endfacet
facet normal 0.9569211 0.00637846 -0.29027781
    outer loop
        vertex 11.3044815 -0 13.030734
        vertex 11.076859 -0 12.280362
        vertex 11.1656475 3 12.638979
    endloop
endfacet
facet normal 0.95109481 0.00368003 -0.30887717
    outer loop
        vertex 11.3044815 -0 13.030734
        vertex 11.1656475 3 12.638979
        vertex 11.228069 3 12.831188
    endloop
endfacet
facet normal 0.9341805 0.00006155 -0.35680082
    outer loop
        vertex 11.3044815 -0 13.030734
        vertex 11.228069 3 12.831188
        vertex 11.301011 3 13.022165
    endloop
endfacet
facet normal 0.9146266 -0.00009674 -0.4042998
    outer loop
        vertex 11.3044815 -0 13.030734
        vertex 11.301011 3 13.022165
        vertex 11.384517 3 13.211076
    endloop
endfacet
facet normal 0.8924275 0.00331357 -0.45117861
    outer loop
        vertex 11.3044815 -0 13.030734
        vertex 11.384517 3 13.211076
        vertex 11.478548 3 13.397069
    endloop
endfacet
facet normal 0.88190269 0.00639207 -0.47138819
    outer loop
        vertex 11.3044815 -0 13.030734
        vertex 11.478548 3 13.397069
        vertex 11.674122 -0 13.7222805
    endloop
endfacet
facet normal 0.86761707 0.00265986 -0.49722588
    outer loop
        vertex 11.478548 3 13.397069
        vertex 11.582973 3 13.579281
        vertex 11.674122 -0 13.7222805
    endloop
endfacet
facet normal 0.84023887 -0.00031651 -0.54221642
    outer loop
        vertex 11.582973 3 13.579281
        vertex 11.697567 3 13.756861
        vertex 11.674122 -0 13.7222805
    endloop
endfacet
facet normal 0.81071317 0.0004125 -0.58544338
    outer loop
        vertex 11.697567 3 13.756861
        vertex 11.807432 3 13.909
        vertex 11.674122 -0 13.7222805
    endloop
endfacet
facet normal 0.78119379 0.00414112 -0.62427497
    outer loop
        vertex 11.807432 3 13.909
        vertex 11.955915 3 14.094807
        vertex 11.674122 -0 13.7222805
    endloop
endfacet
facet normal 0.77299589 0.00616608 -0.63438106
    outer loop
        vertex 11.955915 3 14.094807
        vertex 12.171573 -0 14.328426
        vertex 11.674122 -0 13.7222805
    endloop
endfacet
facet normal 0.74344021 0.00136105 -0.66880107
    outer loop
        vertex 12.098768 3 14.253602
        vertex 12.171573 -0 14.328426
        vertex 11.955915 3 14.094807
    endloop
endfacet
facet normal 0.70666701 -0.00049772 -0.707546
    outer loop
        vertex 12.250002 3 14.404648
        vertex 12.171573 -0 14.328426
        vertex 12.098768 3 14.253602
    endloop
endfacet
facet normal 0.66788238 0.00144917 -0.7442655
    outer loop
        vertex 12.408968 3 14.547299
        vertex 12.171573 -0 14.328426
        vertex 12.250002 3 14.404648
    endloop
endfacet
facet normal 0.63438237 0.00619609 -0.77299458
    outer loop
        vertex 12.777719 -0 14.825879
        vertex 12.171573 -0 14.328426
        vertex 12.408968 3 14.547299
    endloop
endfacet
facet normal 0.62723452 0.00477694 -0.77881575
    outer loop
        vertex 12.777719 -0 14.825879
        vertex 12.408968 3 14.547299
        vertex 12.574958 3 14.680983
    endloop
endfacet
facet normal 0.58494902 0.00036115 -0.81107002
    outer loop
        vertex 12.777719 -0 14.825879
        vertex 12.574958 3 14.680983
        vertex 12.747205 3 14.805208
    endloop
endfacet
facet normal 0.54118878 -0.00028949 -0.84090102
    outer loop
        vertex 12.777719 -0 14.825879
        vertex 12.747205 3 14.805208
        vertex 12.924902 3 14.919571
    endloop
endfacet
facet normal 0.49616542 0.00277271 -0.86822361
    outer loop
        vertex 12.777719 -0 14.825879
        vertex 12.924902 3 14.919571
        vertex 13.107212 3 15.023756
    endloop
endfacet
facet normal 0.47138524 0.0063967 -0.88190413
    outer loop
        vertex 12.777719 -0 14.825879
        vertex 13.107212 3 15.023756
        vertex 13.469267 -0 15.195518
    endloop
endfacet
facet normal 0.45010149 0.00319441 -0.89297163
    outer loop
        vertex 13.107212 3 15.023756
        vertex 13.293282 3 15.117544
        vertex 13.469267 -0 15.195518
    endloop
endfacet
facet normal 0.40320241 -0.00013219 -0.91511083
    outer loop
        vertex 13.293282 3 15.117544
        vertex 13.48225 3 15.200805
        vertex 13.469267 -0 15.195518
    endloop
endfacet
facet normal 0.35569027 0.00010779 -0.93460387
    outer loop
        vertex 13.48225 3 15.200805
        vertex 13.673266 3 15.273501
        vertex 13.469267 -0 15.195518
    endloop
endfacet
facet normal 0.30776161 0.00380499 -0.95145589
    outer loop
        vertex 13.673266 3 15.273501
        vertex 13.865494 3 15.33568
        vertex 13.469267 -0 15.195518
    endloop
endfacet
facet normal 0.29028007 0.00636919 -0.95692056
    outer loop
        vertex 13.865494 3 15.33568
        vertex 14.219639 -0 15.4231415
        vertex 13.469267 -0 15.195518
    endloop
endfacet
facet normal 0.25963625 0.00249569 -0.96570319
    outer loop
        vertex 14.058128 3 15.387471
        vertex 14.219639 -0 15.4231415
        vertex 13.865494 3 15.33568
    endloop
endfacet
facet normal 0.1877711 -0.00156959 -0.98221153
    outer loop
        vertex 14.441575 3 15.460775
        vertex 14.219639 -0 15.4231415
        vertex 14.058128 3 15.387471
    endloop
endfacet
facet normal 0.09801537 0.005233 -0.99517125
    outer loop
        vertex 15 -0 15.5
        vertex 14.219639 -0 15.4231415
        vertex 14.441575 3 15.460775
    endloop
endfacet
facet normal 0.09266535 0.00423038 -0.99568838
    outer loop
        vertex 15 -0 15.5
        vertex 14.441575 3 15.460775
        vertex 14.818017 3 15.49581
    endloop
endfacet
facet normal -0.00054639 -0.00142996 -0.99999881
    outer loop
        vertex 15 -0 15.5
        vertex 14.818017 3 15.49581
        vertex 15.1862955 3 15.495608
    endloop
endfacet
facet normal -0.09375566 0.00436466 -0.99558568
    outer loop
        vertex 15 -0 15.5
        vertex 15.1862955 3 15.495608
        vertex 15.562848 3 15.460148
    endloop
endfacet
facet normal -0.0980154 0.00516935 -0.99517149
    outer loop
        vertex 15 -0 15.5
        vertex 15.562848 3 15.460148
        vertex 15.780361 -0 15.4231415
    endloop
endfacet
facet normal -0.18888502 -0.00158159 -0.98199797
    outer loop
        vertex 15.562848 3 15.460148
        vertex 15.946345 3 15.386383
        vertex 15.780361 -0 15.4231415
    endloop
endfacet
facet normal -0.28506082 0.00402753 -0.95850104
    outer loop
        vertex 15.946345 3 15.386383
        vertex 16.331188 3 15.27193
        vertex 15.780361 -0 15.4231415
    endloop
endfacet
facet normal -0.29028222 0.00506554 -0.9569276
    outer loop
        vertex 16.331188 3 15.27193
        vertex 16.530733 -0 15.195518
        vertex 15.780361 -0 15.4231415
    endloop
endfacet
facet normal -0.35679269 0.00006229 -0.9341836
    outer loop
        vertex 16.522165 3 15.19899
        vertex 16.530733 -0 15.195518
        vertex 16.331188 3 15.27193
    endloop
endfacet
facet normal -0.40430579 -0.00009605 -0.91462392
    outer loop
        vertex 16.711077 3 15.115482
        vertex 16.530733 -0 15.195518
        vertex 16.522165 3 15.19899
    endloop
endfacet
facet normal -0.45117867 0.00331386 -0.89242756
    outer loop
        vertex 16.897068 3 15.021452
        vertex 16.530733 -0 15.195518
        vertex 16.711077 3 15.115482
    endloop
endfacet
facet normal -0.47138476 0.00639182 -0.88190448
    outer loop
        vertex 17.222282 -0 14.825879
        vertex 16.530733 -0 15.195518
        vertex 16.897068 3 15.021452
    endloop
endfacet
facet normal -0.49722391 0.0026594 -0.8676182
    outer loop
        vertex 17.222282 -0 14.825879
        vertex 16.897068 3 15.021452
        vertex 17.07928 3 14.917027
    endloop
endfacet
facet normal -0.54221642 -0.00031713 -0.84023887
    outer loop
        vertex 17.222282 -0 14.825879
        vertex 17.07928 3 14.917027
        vertex 17.25686 3 14.802433
    endloop
endfacet
facet normal -0.58594817 0.00042054 -0.81034851
    outer loop
        vertex 17.222282 -0 14.825879
        vertex 17.25686 3 14.802433
        vertex 17.428972 3 14.677982
    endloop
endfacet
facet normal -0.62819785 0.00492427 -0.77803808
    outer loop
        vertex 17.222282 -0 14.825879
        vertex 17.428972 3 14.677982
        vertex 17.594807 3 14.5440855
    endloop
endfacet
facet normal -0.63438368 0.00616621 -0.77299368
    outer loop
        vertex 17.222282 -0 14.825879
        vertex 17.594807 3 14.5440855
        vertex 17.828426 -0 14.328426
    endloop
endfacet
facet normal -0.6687988 0.00136184 -0.74344218
    outer loop
        vertex 17.594807 3 14.5440855
        vertex 17.753603 3 14.401233
        vertex 17.828426 -0 14.328426
    endloop
endfacet
facet normal -0.86822087 0.00277227 -0.49617034
    outer loop
        vertex 18.523756 3 13.392787
        vertex 18.325878 -0 13.7222805
        vertex 18.419569 3 13.575098
    endloop
endfacet
facet normal -0.84090513 -0.00028914 -0.5411824
    outer loop
        vertex 18.325878 -0 13.7222805
        vertex 18.305208 3 13.752795
        vertex 18.419569 3 13.575098
    endloop
endfacet
facet normal -0.95145816 0.00380553 -0.30775458
    outer loop
        vertex 18.83568 3 12.634505
        vertex 18.695518 -0 13.030734
        vertex 18.773502 3 12.826735
    endloop
endfacet
facet normal -0.99892688 0 -0.0463145
    outer loop
        vertex 19 -0 11.5
        vertex 18.982891 3 11.869011
        vertex 19 3 11.5
    endloop
endfacet
facet normal -0.99516439 0.00638076 -0.09801458
    outer loop
        vertex 18.923141 -0 12.280362
        vertex 18.982891 3 11.869011
        vertex 19 -0 11.5
    endloop
endfacet
facet normal -0.9901517 0.00052436 -0.13999739
    outer loop
        vertex 18.92908 3 12.249604
        vertex 18.982891 3 11.869011
        vertex 18.923141 -0 12.280362
    endloop
endfacet
facet normal -0.97737706 -0.00023406 -0.21150453
    outer loop
        vertex 18.92908 3 12.249604
        vertex 18.923141 -0 12.280362
        vertex 18.887472 3 12.441873
    endloop
endfacet
facet normal -0.96570134 0.00249639 -0.25964311
    outer loop
        vertex 18.923141 -0 12.280362
        vertex 18.83568 3 12.634505
        vertex 18.887472 3 12.441873
    endloop
endfacet
facet normal -0.9569208 0.00636886 -0.29027894
    outer loop
        vertex 18.695518 -0 13.030734
        vertex 18.83568 3 12.634505
        vertex 18.923141 -0 12.280362
    endloop
endfacet
facet normal -0.93460023 0.00010703 -0.35570002
    outer loop
        vertex 18.700804 3 13.01775
        vertex 18.773502 3 12.826735
        vertex 18.695518 -0 13.030734
    endloop
endfacet
facet normal -0.91511256 -0.00013288 -0.40319854
    outer loop
        vertex 18.700804 3 13.01775
        vertex 18.695518 -0 13.030734
        vertex 18.617544 3 13.206718
    endloop
endfacet
facet normal -0.89297074 0.00319413 -0.45010334
    outer loop
        vertex 18.695518 -0 13.030734
        vertex 18.523756 3 13.392787
        vertex 18.617544 3 13.206718
    endloop
endfacet
facet normal -0.88190264 0.00639656 -0.47138816
    outer loop
        vertex 18.325878 -0 13.7222805
        vertex 18.523756 3 13.392787
        vertex 18.695518 -0 13.030734
    endloop
endfacet
facet normal -0.81107002 0.0003616 -0.58494902
    outer loop
        vertex 18.305208 3 13.752795
        vertex 18.325878 -0 13.7222805
        vertex 18.180983 3 13.925042
    endloop
endfacet
facet normal -0.77881354 0.00477768 -0.6272372
    outer loop
        vertex 18.325878 -0 13.7222805
        vertex 18.047298 3 14.091032
        vertex 18.180983 3 13.925042
    endloop
endfacet
facet normal -0.77299517 0.00619615 -0.63438165
    outer loop
        vertex 17.828426 -0 14.328426
        vertex 18.047298 3 14.091032
        vertex 18.325878 -0 13.7222805
    endloop
endfacet
facet normal -0.74426967 0.00144982 -0.66787761
    outer loop
        vertex 17.904648 3 14.249999
        vertex 18.047298 3 14.091032
        vertex 17.828426 -0 14.328426
    endloop
endfacet
facet normal -0.70754832 -0.00049715 -0.70666486
    outer loop
        vertex 17.904648 3 14.249999
        vertex 17.828426 -0 14.328426
        vertex 17.753603 3 14.401233
    endloop
endfacet
facet normal 0.99518478 0.09801622 0
    outer loop
        vertex -14.0768585 148.78036 0
        vertex -14 148 0
        vertex -14.0768585 148.78036 -19
    endloop
endfacet
facet normal 0.9569397 0.29028687 0
    outer loop
        vertex -14.3044815 149.53073 0
        vertex -14.0768585 148.78036 0
        vertex -14.0768585 148.78036 -19
    endloop
endfacet
facet normal 0.88192421 0.47139123 0
    outer loop
        vertex -14.674122 150.22229 0
        vertex -14.3044815 149.53073 0
        vertex -14.3044815 149.53073 -19
    endloop
endfacet
facet normal 0.88192421 0.47139123 -0
    outer loop
        vertex -14.674122 150.22229 -19
        vertex -14.674122 150.22229 0
        vertex -14.3044815 149.53073 -19
    endloop
endfacet
facet normal 0.77299976 0.63440621 -0
    outer loop
        vertex -15.171573 150.82841 -19
        vertex -15.171573 150.82841 0
        vertex -14.674122 150.22229 -19
    endloop
endfacet
facet normal 0.63440549 0.77300048 -0
    outer loop
        vertex -15.171573 150.82841 -19
        vertex -15.777719 151.32588 0
        vertex -15.171573 150.82841 0
    endloop
endfacet
facet normal 0.47140059 0.88191926 -0
    outer loop
        vertex -15.777719 151.32588 -19
        vertex -16.469267 151.69553 0
        vertex -15.777719 151.32588 0
    endloop
endfacet
facet normal 0.47140059 0.88191926 0
    outer loop
        vertex -15.777719 151.32588 -19
        vertex -16.469267 151.69553 -19
        vertex -16.469267 151.69553 0
    endloop
endfacet
facet normal 0.29027596 0.95694304 0
    outer loop
        vertex -16.469267 151.69553 -19
        vertex -17.219639 151.92314 -19
        vertex -17.219639 151.92314 0
    endloop
endfacet
facet normal 0.0980167 0.99518478 0
    outer loop
        vertex -17.219639 151.92314 0
        vertex -17.219639 151.92314 -19
        vertex -18 152 0
    endloop
endfacet
facet normal -0.0980167 0.99518478 0
    outer loop
        vertex -18 152 0
        vertex -18 152 -19
        vertex -18.780361 151.92314 0
    endloop
endfacet
facet normal -0.0980167 0.99518478 0
    outer loop
        vertex -18.780361 151.92314 0
        vertex -18 152 -19
        vertex -18.780361 151.92314 -19
    endloop
endfacet
facet normal -0.29027596 0.95694304 0
    outer loop
        vertex -19.530733 151.69553 0
        vertex -18.780361 151.92314 -19
        vertex -19.530733 151.69553 -19
    endloop
endfacet
facet normal -0.47140107 0.88191891 0
    outer loop
        vertex -20.22228 151.32588 0
        vertex -19.530733 151.69553 0
        vertex -19.530733 151.69553 -19
    endloop
endfacet
facet normal -0.6344043 0.77300143 0
    outer loop
        vertex -20.828428 150.82841 0
        vertex -20.22228 151.32588 0
        vertex -20.22228 151.32588 -19
    endloop
endfacet
facet normal -0.99518478 0.09801622 0
    outer loop
        vertex -22 148 -19
        vertex -22 148 0
        vertex -21.923141 148.78036 -19
    endloop
endfacet
facet normal -0.99518478 0.09801622 0
    outer loop
        vertex -21.923141 148.78036 -19
        vertex -22 148 0
        vertex -21.923141 148.78036 0
    endloop
endfacet
facet normal -0.9569397 0.29028687 0
    outer loop
        vertex -21.695518 149.53073 -19
        vertex -21.923141 148.78036 -19
        vertex -21.923141 148.78036 0
    endloop
endfacet
facet normal -0.9569397 0.29028687 0
    outer loop
        vertex -21.695518 149.53073 0
        vertex -21.695518 149.53073 -19
        vertex -21.923141 148.78036 0
    endloop
endfacet
facet normal -0.88192421 0.47139123 0
    outer loop
        vertex -21.695518 149.53073 0
        vertex -21.325878 150.22229 -19
        vertex -21.695518 149.53073 -19
    endloop
endfacet
facet normal -0.88192421 0.47139123 0
    outer loop
        vertex -21.695518 149.53073 0
        vertex -21.325878 150.22229 0
        vertex -21.325878 150.22229 -19
    endloop
endfacet
facet normal -0.77300048 0.63440555 0
    outer loop
        vertex -21.325878 150.22229 -19
        vertex -21.325878 150.22229 0
        vertex -20.828428 150.82841 -19
    endloop
endfacet
facet normal -0.77300048 0.63440555 0
    outer loop
        vertex -20.828428 150.82841 -19
        vertex -21.325878 150.22229 0
        vertex -20.828428 150.82841 0
    endloop
endfacet
facet normal -0.6344043 0.77300143 0
    outer loop
        vertex -20.22228 151.32588 -19
        vertex -20.828428 150.82841 -19
        vertex -20.828428 150.82841 0
    endloop
endfacet
facet normal -0.47140107 0.88191891 0
    outer loop
        vertex -19.530733 151.69553 -19
        vertex -20.22228 151.32588 -19
        vertex -20.22228 151.32588 0
    endloop
endfacet
facet normal -0.29027596 0.95694304 0
    outer loop
        vertex -18.780361 151.92314 -19
        vertex -19.530733 151.69553 0
        vertex -18.780361 151.92314 0
    endloop
endfacet
facet normal 0.0980167 0.99518478 -0
    outer loop
        vertex -18 152 -19
        vertex -18 152 0
        vertex -17.219639 151.92314 -19
    endloop
endfacet
facet normal 0.29027596 0.95694304 0
    outer loop
        vertex -17.219639 151.92314 0
        vertex -16.469267 151.69553 0
        vertex -16.469267 151.69553 -19
    endloop
endfacet
facet normal 0.63440549 0.77300048 0
    outer loop
        vertex -15.777719 151.32588 0
        vertex -15.171573 150.82841 -19
        vertex -15.777719 151.32588 -19
    endloop
endfacet
facet normal 0.77299976 0.63440621 0
    outer loop
        vertex -14.674122 150.22229 0
        vertex -14.674122 150.22229 -19
        vertex -15.171573 150.82841 0
    endloop
endfacet
facet normal 0.99518478 0.09801622 0
    outer loop
        vertex -14.0768585 148.78036 -19
        vertex -14 148 0
        vertex -14 148 -19
    endloop
endfacet
facet normal 0.9569397 0.29028687 0
    outer loop
        vertex -14.3044815 149.53073 0
        vertex -14.0768585 148.78036 -19
        vertex -14.3044815 149.53073 -19
    endloop
endfacet
endsolid unnamed
